n_iterations,initial_n_cnf,initial_n_literal,avg_n_cnf,avg_n_literal,avg_n_ratio,mode_n_cnf,mode_n_literal,mode_n_ratio,median_n_cnf,median_n_literal,median_n_ratio,ratio_of_avgs,ratio_of_modes,ratio_of_medians,solve_time,result,id,heuristic,human_difficulty,avg_human_solve_time,n_knowns
80,12013,26269,857.7,291.1,2.902717258937186,640.0,256.0,2.9863945578231292,806.0,283.0,2.848017181100789,2.946410168327035,2.5,2.8480565371024733,2.0012950897216797,True,diabolical_0409_25.txt,DLCS,diabolical,1500,25
80,12013,26269,857.7,291.1,2.902717258937186,640.0,256.0,2.9863945578231292,806.0,283.0,2.848017181100789,2.946410168327035,2.5,2.8480565371024733,2.0012950897216797,True,diabolical_0409_25.txt,DLCS,diabolical,1500,25
80,12013,26269,857.7,291.1,2.902717258937186,640.0,256.0,2.9863945578231292,806.0,283.0,2.848017181100789,2.946410168327035,2.5,2.8480565371024733,2.0012950897216797,True,diabolical_0409_25.txt,DLCS,diabolical,1500,25
80,12013,26269,857.7,291.1,2.902717258937186,640.0,256.0,2.9863945578231292,806.0,283.0,2.848017181100789,2.946410168327035,2.5,2.8480565371024733,2.0012950897216797,True,diabolical_0409_25.txt,DLCS,diabolical,1500,25
537,12013,26269,690.2666666666667,265.2148148148148,2.5558385239361794,512.0,226.0,2.4,637.5,258.0,2.4583118001722655,2.6026700927270694,2.265486725663717,2.4709302325581395,7.991393566131592,True,diabolical_0409_25.txt,DLIS,diabolical,1500,25
537,12013,26269,690.2666666666667,265.2148148148148,2.5558385239361794,512.0,226.0,2.4,637.5,258.0,2.4583118001722655,2.6026700927270694,2.265486725663717,2.4709302325581395,7.991393566131592,True,diabolical_0409_25.txt,DLIS,diabolical,1500,25
537,12013,26269,690.2666666666667,265.2148148148148,2.5558385239361794,512.0,226.0,2.4,637.5,258.0,2.4583118001722655,2.6026700927270694,2.265486725663717,2.4709302325581395,7.991393566131592,True,diabolical_0409_25.txt,DLIS,diabolical,1500,25
537,12013,26269,690.2666666666667,265.2148148148148,2.5558385239361794,512.0,226.0,2.4,637.5,258.0,2.4583118001722655,2.6026700927270694,2.265486725663717,2.4709302325581395,7.991393566131592,True,diabolical_0409_25.txt,DLIS,diabolical,1500,25
512,12013,26269,693.8100775193799,266.29457364341084,2.560588273063291,576.0,248.0,2.4,641.5,258.0,2.4760922021844043,2.60542326502096,2.3225806451612905,2.4864341085271318,6.2740797996521,True,diabolical_0409_25.txt,JEROSLOW_WANG,diabolical,1500,25
512,12013,26269,693.8100775193799,266.29457364341084,2.560588273063291,576.0,248.0,2.4,641.5,258.0,2.4760922021844043,2.60542326502096,2.3225806451612905,2.4864341085271318,6.2740797996521,True,diabolical_0409_25.txt,JEROSLOW_WANG,diabolical,1500,25
512,12013,26269,693.8100775193799,266.29457364341084,2.560588273063291,576.0,248.0,2.4,641.5,258.0,2.4760922021844043,2.60542326502096,2.3225806451612905,2.4864341085271318,6.2740797996521,True,diabolical_0409_25.txt,JEROSLOW_WANG,diabolical,1500,25
512,12013,26269,693.8100775193799,266.29457364341084,2.560588273063291,576.0,248.0,2.4,641.5,258.0,2.4760922021844043,2.60542326502096,2.3225806451612905,2.4864341085271318,6.2740797996521,True,diabolical_0409_25.txt,JEROSLOW_WANG,diabolical,1500,25
114,12013,26269,743.0526315789474,268.9122807017544,2.7008596875739395,512.0,256.0,2.9863945578231292,695.0,264.0,2.632575757575758,2.763178496868476,2.0,2.632575757575758,2.438161849975586,True,diabolical_0409_25.txt,DLIS_negated,diabolical,1500,25
114,12013,26269,743.0526315789474,268.9122807017544,2.7008596875739395,512.0,256.0,2.9863945578231292,695.0,264.0,2.632575757575758,2.763178496868476,2.0,2.632575757575758,2.438161849975586,True,diabolical_0409_25.txt,DLIS_negated,diabolical,1500,25
114,12013,26269,743.0526315789474,268.9122807017544,2.7008596875739395,512.0,256.0,2.9863945578231292,695.0,264.0,2.632575757575758,2.763178496868476,2.0,2.632575757575758,2.438161849975586,True,diabolical_0409_25.txt,DLIS_negated,diabolical,1500,25
114,12013,26269,743.0526315789474,268.9122807017544,2.7008596875739395,512.0,256.0,2.9863945578231292,695.0,264.0,2.632575757575758,2.763178496868476,2.0,2.632575757575758,2.438161849975586,True,diabolical_0409_25.txt,DLIS_negated,diabolical,1500,25
20,12012,26268,794.6,267.0,2.9740696711282597,800.0,258.0,2.985074626865672,793.0,267.0,2.9699809224553926,2.9760299625468165,3.10077519379845,2.9700374531835205,1.104041576385498,True,diabolical_0609_28.txt,DLCS,diabolical,1680,24
20,12012,26268,794.6,267.0,2.9740696711282597,800.0,258.0,2.985074626865672,793.0,267.0,2.9699809224553926,2.9760299625468165,3.10077519379845,2.9700374531835205,1.104041576385498,True,diabolical_0609_28.txt,DLCS,diabolical,1680,24
20,12012,26268,794.6,267.0,2.9740696711282597,800.0,258.0,2.985074626865672,793.0,267.0,2.9699809224553926,2.9760299625468165,3.10077519379845,2.9700374531835205,1.104041576385498,True,diabolical_0609_28.txt,DLCS,diabolical,1680,24
20,12012,26268,794.6,267.0,2.9740696711282597,800.0,258.0,2.985074626865672,793.0,267.0,2.9699809224553926,2.9760299625468165,3.10077519379845,2.9700374531835205,1.104041576385498,True,diabolical_0609_28.txt,DLCS,diabolical,1680,24
80,12012,26268,589.1333333333333,226.53333333333333,2.558416172724916,512.0,256.0,2.985074626865672,583.0,232.0,2.5129310344827585,2.6006474396703942,2.0,2.5129310344827585,1.6392521858215332,True,diabolical_0609_28.txt,DLIS,diabolical,1680,24
80,12012,26268,589.1333333333333,226.53333333333333,2.558416172724916,512.0,256.0,2.985074626865672,583.0,232.0,2.5129310344827585,2.6006474396703942,2.0,2.5129310344827585,1.6392521858215332,True,diabolical_0609_28.txt,DLIS,diabolical,1680,24
80,12012,26268,589.1333333333333,226.53333333333333,2.558416172724916,512.0,256.0,2.985074626865672,583.0,232.0,2.5129310344827585,2.6006474396703942,2.0,2.5129310344827585,1.6392521858215332,True,diabolical_0609_28.txt,DLIS,diabolical,1680,24
80,12012,26268,589.1333333333333,226.53333333333333,2.558416172724916,512.0,256.0,2.985074626865672,583.0,232.0,2.5129310344827585,2.6006474396703942,2.0,2.5129310344827585,1.6392521858215332,True,diabolical_0609_28.txt,DLIS,diabolical,1680,24
62,12012,26268,653.1764705882352,243.0,2.6689441362470157,513.0,256.0,2.985074626865672,642.5,243.0,2.6439845549383554,2.6879690147664004,2.00390625,2.6440329218106995,1.4780387878417969,True,diabolical_0609_28.txt,JEROSLOW_WANG,diabolical,1680,24
62,12012,26268,653.1764705882352,243.0,2.6689441362470157,513.0,256.0,2.985074626865672,642.5,243.0,2.6439845549383554,2.6879690147664004,2.00390625,2.6440329218106995,1.4780387878417969,True,diabolical_0609_28.txt,JEROSLOW_WANG,diabolical,1680,24
62,12012,26268,653.1764705882352,243.0,2.6689441362470157,513.0,256.0,2.985074626865672,642.5,243.0,2.6439845549383554,2.6879690147664004,2.00390625,2.6440329218106995,1.4780387878417969,True,diabolical_0609_28.txt,JEROSLOW_WANG,diabolical,1680,24
62,12012,26268,653.1764705882352,243.0,2.6689441362470157,513.0,256.0,2.985074626865672,642.5,243.0,2.6439845549383554,2.6879690147664004,2.00390625,2.6440329218106995,1.4780387878417969,True,diabolical_0609_28.txt,JEROSLOW_WANG,diabolical,1680,24
24,12012,26268,780.9166666666666,265.0,2.9440681683614764,800.0,256.0,2.985074626865672,779.0,265.0,2.939564821143769,2.9468553459119495,3.125,2.939622641509434,1.137329339981079,True,diabolical_0609_28.txt,DLIS_negated,diabolical,1680,24
24,12012,26268,780.9166666666666,265.0,2.9440681683614764,800.0,256.0,2.985074626865672,779.0,265.0,2.939564821143769,2.9468553459119495,3.125,2.939622641509434,1.137329339981079,True,diabolical_0609_28.txt,DLIS_negated,diabolical,1680,24
24,12012,26268,780.9166666666666,265.0,2.9440681683614764,800.0,256.0,2.985074626865672,779.0,265.0,2.939564821143769,2.9468553459119495,3.125,2.939622641509434,1.137329339981079,True,diabolical_0609_28.txt,DLIS_negated,diabolical,1680,24
24,12012,26268,780.9166666666666,265.0,2.9440681683614764,800.0,256.0,2.985074626865672,779.0,265.0,2.939564821143769,2.9468553459119495,3.125,2.939622641509434,1.137329339981079,True,diabolical_0609_28.txt,DLIS_negated,diabolical,1680,24
128,12015,26271,557.296875,212.9375,2.569780546847058,448.0,172.0,2.3404255319148937,531.5,207.0,2.5675644137415983,2.6171852069269153,2.604651162790698,2.5676328502415457,2.226896286010742,True,diabolical_1109_27.txt,DLCS,diabolical,1620,27
128,12015,26271,557.296875,212.9375,2.569780546847058,448.0,172.0,2.3404255319148937,531.5,207.0,2.5675644137415983,2.6171852069269153,2.604651162790698,2.5676328502415457,2.226896286010742,True,diabolical_1109_27.txt,DLCS,diabolical,1620,27
128,12015,26271,557.296875,212.9375,2.569780546847058,448.0,172.0,2.3404255319148937,531.5,207.0,2.5675644137415983,2.6171852069269153,2.604651162790698,2.5676328502415457,2.226896286010742,True,diabolical_1109_27.txt,DLCS,diabolical,1620,27
128,12015,26271,557.296875,212.9375,2.569780546847058,448.0,172.0,2.3404255319148937,531.5,207.0,2.5675644137415983,2.6171852069269153,2.604651162790698,2.5676328502415457,2.226896286010742,True,diabolical_1109_27.txt,DLCS,diabolical,1620,27
85,12015,26271,621.1555555555556,234.0,2.623025060012474,512.0,256.0,2.6625,606.0,234.0,2.58974358974359,2.6545109211775877,2.0,2.58974358974359,2.142289876937866,True,diabolical_1109_27.txt,DLIS,diabolical,1620,27
85,12015,26271,621.1555555555556,234.0,2.623025060012474,512.0,256.0,2.6625,606.0,234.0,2.58974358974359,2.6545109211775877,2.0,2.58974358974359,2.142289876937866,True,diabolical_1109_27.txt,DLIS,diabolical,1620,27
85,12015,26271,621.1555555555556,234.0,2.623025060012474,512.0,256.0,2.6625,606.0,234.0,2.58974358974359,2.6545109211775877,2.0,2.58974358974359,2.142289876937866,True,diabolical_1109_27.txt,DLIS,diabolical,1620,27
85,12015,26271,621.1555555555556,234.0,2.623025060012474,512.0,256.0,2.6625,606.0,234.0,2.58974358974359,2.6545109211775877,2.0,2.58974358974359,2.142289876937866,True,diabolical_1109_27.txt,DLIS,diabolical,1620,27
70,12015,26271,620.9555555555555,234.0,2.622247321204853,512.0,256.0,2.981203007518797,606.0,234.0,2.58974358974359,2.653656220322887,2.0,2.58974358974359,1.8241708278656006,True,diabolical_1109_27.txt,JEROSLOW_WANG,diabolical,1620,27
70,12015,26271,620.9555555555555,234.0,2.622247321204853,512.0,256.0,2.981203007518797,606.0,234.0,2.58974358974359,2.653656220322887,2.0,2.58974358974359,1.8241708278656006,True,diabolical_1109_27.txt,JEROSLOW_WANG,diabolical,1620,27
70,12015,26271,620.9555555555555,234.0,2.622247321204853,512.0,256.0,2.981203007518797,606.0,234.0,2.58974358974359,2.653656220322887,2.0,2.58974358974359,1.8241708278656006,True,diabolical_1109_27.txt,JEROSLOW_WANG,diabolical,1620,27
70,12015,26271,620.9555555555555,234.0,2.622247321204853,512.0,256.0,2.981203007518797,606.0,234.0,2.58974358974359,2.653656220322887,2.0,2.58974358974359,1.8241708278656006,True,diabolical_1109_27.txt,JEROSLOW_WANG,diabolical,1620,27
62,12015,26271,565.6129032258065,213.93548387096774,2.597327830727199,384.0,266.0,2.3404255319148937,515.0,204.0,2.5245098039215685,2.643848009650181,1.443609022556391,2.5245098039215685,1.5796482563018799,True,diabolical_1109_27.txt,DLIS_negated,diabolical,1620,27
62,12015,26271,565.6129032258065,213.93548387096774,2.597327830727199,384.0,266.0,2.3404255319148937,515.0,204.0,2.5245098039215685,2.643848009650181,1.443609022556391,2.5245098039215685,1.5796482563018799,True,diabolical_1109_27.txt,DLIS_negated,diabolical,1620,27
62,12015,26271,565.6129032258065,213.93548387096774,2.597327830727199,384.0,266.0,2.3404255319148937,515.0,204.0,2.5245098039215685,2.643848009650181,1.443609022556391,2.5245098039215685,1.5796482563018799,True,diabolical_1109_27.txt,DLIS_negated,diabolical,1620,27
62,12015,26271,565.6129032258065,213.93548387096774,2.597327830727199,384.0,266.0,2.3404255319148937,515.0,204.0,2.5245098039215685,2.643848009650181,1.443609022556391,2.5245098039215685,1.5796482563018799,True,diabolical_1109_27.txt,DLIS_negated,diabolical,1620,27
8,12014,26270,182.5,79.0,2.307740240610908,200.0,80.0,2.2564102564102564,181.0,79.0,2.2907051282051283,2.310126582278481,2.5,2.2911392405063293,0.9153139591217041,True,diabolical_1309_23.txt,DLCS,diabolical,1380,26
8,12014,26270,182.5,79.0,2.307740240610908,200.0,80.0,2.2564102564102564,181.0,79.0,2.2907051282051283,2.310126582278481,2.5,2.2911392405063293,0.9153139591217041,True,diabolical_1309_23.txt,DLCS,diabolical,1380,26
8,12014,26270,182.5,79.0,2.307740240610908,200.0,80.0,2.2564102564102564,181.0,79.0,2.2907051282051283,2.310126582278481,2.5,2.2911392405063293,0.9153139591217041,True,diabolical_1309_23.txt,DLCS,diabolical,1380,26
8,12014,26270,182.5,79.0,2.307740240610908,200.0,80.0,2.2564102564102564,181.0,79.0,2.2907051282051283,2.310126582278481,2.5,2.2911392405063293,0.9153139591217041,True,diabolical_1309_23.txt,DLCS,diabolical,1380,26
12,12014,26270,164.85714285714286,74.0,2.2148906051024153,160.0,72.0,2.2564102564102564,168.0,76.0,2.210526315789474,2.227799227799228,2.2222222222222223,2.210526315789474,0.9753444194793701,True,diabolical_1309_23.txt,DLIS,diabolical,1380,26
12,12014,26270,164.85714285714286,74.0,2.2148906051024153,160.0,72.0,2.2564102564102564,168.0,76.0,2.210526315789474,2.227799227799228,2.2222222222222223,2.210526315789474,0.9753444194793701,True,diabolical_1309_23.txt,DLIS,diabolical,1380,26
12,12014,26270,164.85714285714286,74.0,2.2148906051024153,160.0,72.0,2.2564102564102564,168.0,76.0,2.210526315789474,2.227799227799228,2.2222222222222223,2.210526315789474,0.9753444194793701,True,diabolical_1309_23.txt,DLIS,diabolical,1380,26
12,12014,26270,164.85714285714286,74.0,2.2148906051024153,160.0,72.0,2.2564102564102564,168.0,76.0,2.210526315789474,2.227799227799228,2.2222222222222223,2.210526315789474,0.9753444194793701,True,diabolical_1309_23.txt,DLIS,diabolical,1380,26
12,12014,26270,164.85714285714286,74.0,2.2148906051024153,160.0,72.0,2.2564102564102564,168.0,76.0,2.210526315789474,2.227799227799228,2.2222222222222223,2.210526315789474,1.0672385692596436,True,diabolical_1309_23.txt,JEROSLOW_WANG,diabolical,1380,26
12,12014,26270,164.85714285714286,74.0,2.2148906051024153,160.0,72.0,2.2564102564102564,168.0,76.0,2.210526315789474,2.227799227799228,2.2222222222222223,2.210526315789474,1.0672385692596436,True,diabolical_1309_23.txt,JEROSLOW_WANG,diabolical,1380,26
12,12014,26270,164.85714285714286,74.0,2.2148906051024153,160.0,72.0,2.2564102564102564,168.0,76.0,2.210526315789474,2.227799227799228,2.2222222222222223,2.210526315789474,1.0672385692596436,True,diabolical_1309_23.txt,JEROSLOW_WANG,diabolical,1380,26
12,12014,26270,164.85714285714286,74.0,2.2148906051024153,160.0,72.0,2.2564102564102564,168.0,76.0,2.210526315789474,2.227799227799228,2.2222222222222223,2.210526315789474,1.0672385692596436,True,diabolical_1309_23.txt,JEROSLOW_WANG,diabolical,1380,26
8,12014,26270,182.5,79.0,2.307740240610908,200.0,80.0,2.2564102564102564,181.0,79.0,2.2907051282051283,2.310126582278481,2.5,2.2911392405063293,0.8926143646240234,True,diabolical_1309_23.txt,DLIS_negated,diabolical,1380,26
8,12014,26270,182.5,79.0,2.307740240610908,200.0,80.0,2.2564102564102564,181.0,79.0,2.2907051282051283,2.310126582278481,2.5,2.2911392405063293,0.8926143646240234,True,diabolical_1309_23.txt,DLIS_negated,diabolical,1380,26
8,12014,26270,182.5,79.0,2.307740240610908,200.0,80.0,2.2564102564102564,181.0,79.0,2.2907051282051283,2.310126582278481,2.5,2.2911392405063293,0.8926143646240234,True,diabolical_1309_23.txt,DLIS_negated,diabolical,1380,26
8,12014,26270,182.5,79.0,2.307740240610908,200.0,80.0,2.2564102564102564,181.0,79.0,2.2907051282051283,2.310126582278481,2.5,2.2911392405063293,0.8926143646240234,True,diabolical_1309_23.txt,DLIS_negated,diabolical,1380,26
18,12014,26270,447.44444444444446,172.0,2.598539468680178,483.0,164.0,2.5930232558139537,446.0,172.0,2.5930232558139537,2.601421188630491,2.9451219512195124,2.5930232558139537,1.0488486289978027,True,diabolical_1809_25.txt,DLCS,diabolical,1500,26
18,12014,26270,447.44444444444446,172.0,2.598539468680178,483.0,164.0,2.5930232558139537,446.0,172.0,2.5930232558139537,2.601421188630491,2.9451219512195124,2.5930232558139537,1.0488486289978027,True,diabolical_1809_25.txt,DLCS,diabolical,1500,26
18,12014,26270,447.44444444444446,172.0,2.598539468680178,483.0,164.0,2.5930232558139537,446.0,172.0,2.5930232558139537,2.601421188630491,2.9451219512195124,2.5930232558139537,1.0488486289978027,True,diabolical_1809_25.txt,DLCS,diabolical,1500,26
18,12014,26270,447.44444444444446,172.0,2.598539468680178,483.0,164.0,2.5930232558139537,446.0,172.0,2.5930232558139537,2.601421188630491,2.9451219512195124,2.5930232558139537,1.0488486289978027,True,diabolical_1809_25.txt,DLCS,diabolical,1500,26
34,12014,26270,386.3636363636364,159.0,2.415949751107048,384.0,138.0,2.5930232558139537,380.0,159.0,2.389873417721519,2.4299599771297884,2.782608695652174,2.389937106918239,1.074084758758545,True,diabolical_1809_25.txt,DLIS,diabolical,1500,26
34,12014,26270,386.3636363636364,159.0,2.415949751107048,384.0,138.0,2.5930232558139537,380.0,159.0,2.389873417721519,2.4299599771297884,2.782608695652174,2.389937106918239,1.074084758758545,True,diabolical_1809_25.txt,DLIS,diabolical,1500,26
34,12014,26270,386.3636363636364,159.0,2.415949751107048,384.0,138.0,2.5930232558139537,380.0,159.0,2.389873417721519,2.4299599771297884,2.782608695652174,2.389937106918239,1.074084758758545,True,diabolical_1809_25.txt,DLIS,diabolical,1500,26
34,12014,26270,386.3636363636364,159.0,2.415949751107048,384.0,138.0,2.5930232558139537,380.0,159.0,2.389873417721519,2.4299599771297884,2.782608695652174,2.389937106918239,1.074084758758545,True,diabolical_1809_25.txt,DLIS,diabolical,1500,26
42,12014,26270,375.1666666666667,156.0,2.3851334256942813,384.0,130.0,2.5930232558139537,372.0,157.0,2.3693605972086984,2.4049145299145303,2.953846153846154,2.3694267515923566,1.1864967346191406,True,diabolical_1809_25.txt,JEROSLOW_WANG,diabolical,1500,26
42,12014,26270,375.1666666666667,156.0,2.3851334256942813,384.0,130.0,2.5930232558139537,372.0,157.0,2.3693605972086984,2.4049145299145303,2.953846153846154,2.3694267515923566,1.1864967346191406,True,diabolical_1809_25.txt,JEROSLOW_WANG,diabolical,1500,26
42,12014,26270,375.1666666666667,156.0,2.3851334256942813,384.0,130.0,2.5930232558139537,372.0,157.0,2.3693605972086984,2.4049145299145303,2.953846153846154,2.3694267515923566,1.1864967346191406,True,diabolical_1809_25.txt,JEROSLOW_WANG,diabolical,1500,26
42,12014,26270,375.1666666666667,156.0,2.3851334256942813,384.0,130.0,2.5930232558139537,372.0,157.0,2.3693605972086984,2.4049145299145303,2.953846153846154,2.3694267515923566,1.1864967346191406,True,diabolical_1809_25.txt,JEROSLOW_WANG,diabolical,1500,26
24,12014,26270,431.6666666666667,169.0,2.5493773316242136,384.0,160.0,2.5930232558139537,429.5,169.0,2.541316526610644,2.554240631163708,2.4,2.5414201183431953,1.0538790225982666,True,diabolical_1809_25.txt,DLIS_negated,diabolical,1500,26
24,12014,26270,431.6666666666667,169.0,2.5493773316242136,384.0,160.0,2.5930232558139537,429.5,169.0,2.541316526610644,2.554240631163708,2.4,2.5414201183431953,1.0538790225982666,True,diabolical_1809_25.txt,DLIS_negated,diabolical,1500,26
24,12014,26270,431.6666666666667,169.0,2.5493773316242136,384.0,160.0,2.5930232558139537,429.5,169.0,2.541316526610644,2.554240631163708,2.4,2.5414201183431953,1.0538790225982666,True,diabolical_1809_25.txt,DLIS_negated,diabolical,1500,26
24,12014,26270,431.6666666666667,169.0,2.5493773316242136,384.0,160.0,2.5930232558139537,429.5,169.0,2.541316526610644,2.554240631163708,2.4,2.5414201183431953,1.0538790225982666,True,diabolical_1809_25.txt,DLIS_negated,diabolical,1500,26
158,12014,26270,641.0,243.0632911392405,2.5976354543476052,480.0,256.0,2.4357798165137616,612.0,240.0,2.55,2.6371732111238413,1.875,2.55,2.677417039871216,True,diabolical_2108_29.txt,DLCS,diabolical,1740,26
158,12014,26270,641.0,243.0632911392405,2.5976354543476052,480.0,256.0,2.4357798165137616,612.0,240.0,2.55,2.6371732111238413,1.875,2.55,2.677417039871216,True,diabolical_2108_29.txt,DLCS,diabolical,1740,26
158,12014,26270,641.0,243.0632911392405,2.5976354543476052,480.0,256.0,2.4357798165137616,612.0,240.0,2.55,2.6371732111238413,1.875,2.55,2.677417039871216,True,diabolical_2108_29.txt,DLCS,diabolical,1740,26
158,12014,26270,641.0,243.0632911392405,2.5976354543476052,480.0,256.0,2.4357798165137616,612.0,240.0,2.55,2.6371732111238413,1.875,2.55,2.677417039871216,True,diabolical_2108_29.txt,DLCS,diabolical,1740,26
100,12014,26270,677.25,253.0,2.6357819064333734,640.0,256.0,2.16,655.0,253.0,2.5888951381077367,2.6768774703557314,2.5,2.588932806324111,2.1782026290893555,True,diabolical_2108_29.txt,DLIS,diabolical,1740,26
100,12014,26270,677.25,253.0,2.6357819064333734,640.0,256.0,2.16,655.0,253.0,2.5888951381077367,2.6768774703557314,2.5,2.588932806324111,2.1782026290893555,True,diabolical_2108_29.txt,DLIS,diabolical,1740,26
100,12014,26270,677.25,253.0,2.6357819064333734,640.0,256.0,2.16,655.0,253.0,2.5888951381077367,2.6768774703557314,2.5,2.588932806324111,2.1782026290893555,True,diabolical_2108_29.txt,DLIS,diabolical,1740,26
100,12014,26270,677.25,253.0,2.6357819064333734,640.0,256.0,2.16,655.0,253.0,2.5888951381077367,2.6768774703557314,2.5,2.588932806324111,2.1782026290893555,True,diabolical_2108_29.txt,DLIS,diabolical,1740,26
132,12014,26270,608.9367088607595,234.35443037974684,2.5465672789118,480.0,202.0,2.4,552.0,230.0,2.466666666666667,2.5983579993518418,2.376237623762376,2.4,1.929213285446167,True,diabolical_2108_29.txt,JEROSLOW_WANG,diabolical,1740,26
132,12014,26270,608.9367088607595,234.35443037974684,2.5465672789118,480.0,202.0,2.4,552.0,230.0,2.466666666666667,2.5983579993518418,2.376237623762376,2.4,1.929213285446167,True,diabolical_2108_29.txt,JEROSLOW_WANG,diabolical,1740,26
132,12014,26270,608.9367088607595,234.35443037974684,2.5465672789118,480.0,202.0,2.4,552.0,230.0,2.466666666666667,2.5983579993518418,2.376237623762376,2.4,1.929213285446167,True,diabolical_2108_29.txt,JEROSLOW_WANG,diabolical,1740,26
132,12014,26270,608.9367088607595,234.35443037974684,2.5465672789118,480.0,202.0,2.4,552.0,230.0,2.466666666666667,2.5983579993518418,2.376237623762376,2.4,1.929213285446167,True,diabolical_2108_29.txt,JEROSLOW_WANG,diabolical,1740,26
100,12014,26270,664.22,247.48,2.6369030470712835,512.0,256.0,2.8484848484848486,626.5,243.0,2.578139818452784,2.683934055277194,2.0,2.578189300411523,2.311066150665283,True,diabolical_2108_29.txt,DLIS_negated,diabolical,1740,26
100,12014,26270,664.22,247.48,2.6369030470712835,512.0,256.0,2.8484848484848486,626.5,243.0,2.578139818452784,2.683934055277194,2.0,2.578189300411523,2.311066150665283,True,diabolical_2108_29.txt,DLIS_negated,diabolical,1740,26
100,12014,26270,664.22,247.48,2.6369030470712835,512.0,256.0,2.8484848484848486,626.5,243.0,2.578139818452784,2.683934055277194,2.0,2.578189300411523,2.311066150665283,True,diabolical_2108_29.txt,DLIS_negated,diabolical,1740,26
100,12014,26270,664.22,247.48,2.6369030470712835,512.0,256.0,2.8484848484848486,626.5,243.0,2.578139818452784,2.683934055277194,2.0,2.578189300411523,2.311066150665283,True,diabolical_2108_29.txt,DLIS_negated,diabolical,1740,26
2,12011,26267,120.0,58.0,2.0689655172413794,120.0,58.0,2.0689655172413794,120.0,58.0,2.0689655172413794,2.0689655172413794,2.0689655172413794,2.0689655172413794,1.5307533740997314,True,diabolical_2308_24.txt,DLCS,diabolical,1440,23
2,12011,26267,120.0,58.0,2.0689655172413794,120.0,58.0,2.0689655172413794,120.0,58.0,2.0689655172413794,2.0689655172413794,2.0689655172413794,2.0689655172413794,1.5307533740997314,True,diabolical_2308_24.txt,DLCS,diabolical,1440,23
2,12011,26267,120.0,58.0,2.0689655172413794,120.0,58.0,2.0689655172413794,120.0,58.0,2.0689655172413794,2.0689655172413794,2.0689655172413794,2.0689655172413794,1.5307533740997314,True,diabolical_2308_24.txt,DLCS,diabolical,1440,23
2,12011,26267,120.0,58.0,2.0689655172413794,120.0,58.0,2.0689655172413794,120.0,58.0,2.0689655172413794,2.0689655172413794,2.0689655172413794,2.0689655172413794,1.5307533740997314,True,diabolical_2308_24.txt,DLCS,diabolical,1440,23
5,12011,26267,116.0,57.0,2.0344827586206895,120.0,56.0,2.0689655172413794,116.0,57.0,2.0344827586206895,2.0350877192982457,2.142857142857143,2.0350877192982457,1.2049155235290527,True,diabolical_2308_24.txt,DLIS,diabolical,1440,23
5,12011,26267,116.0,57.0,2.0344827586206895,120.0,56.0,2.0689655172413794,116.0,57.0,2.0344827586206895,2.0350877192982457,2.142857142857143,2.0350877192982457,1.2049155235290527,True,diabolical_2308_24.txt,DLIS,diabolical,1440,23
5,12011,26267,116.0,57.0,2.0344827586206895,120.0,56.0,2.0689655172413794,116.0,57.0,2.0344827586206895,2.0350877192982457,2.142857142857143,2.0350877192982457,1.2049155235290527,True,diabolical_2308_24.txt,DLIS,diabolical,1440,23
5,12011,26267,116.0,57.0,2.0344827586206895,120.0,56.0,2.0689655172413794,116.0,57.0,2.0344827586206895,2.0350877192982457,2.142857142857143,2.0350877192982457,1.2049155235290527,True,diabolical_2308_24.txt,DLIS,diabolical,1440,23
5,12011,26267,116.0,57.0,2.0344827586206895,120.0,56.0,2.0689655172413794,116.0,57.0,2.0344827586206895,2.0350877192982457,2.142857142857143,2.0350877192982457,1.1138091087341309,True,diabolical_2308_24.txt,JEROSLOW_WANG,diabolical,1440,23
5,12011,26267,116.0,57.0,2.0344827586206895,120.0,56.0,2.0689655172413794,116.0,57.0,2.0344827586206895,2.0350877192982457,2.142857142857143,2.0350877192982457,1.1138091087341309,True,diabolical_2308_24.txt,JEROSLOW_WANG,diabolical,1440,23
5,12011,26267,116.0,57.0,2.0344827586206895,120.0,56.0,2.0689655172413794,116.0,57.0,2.0344827586206895,2.0350877192982457,2.142857142857143,2.0350877192982457,1.1138091087341309,True,diabolical_2308_24.txt,JEROSLOW_WANG,diabolical,1440,23
5,12011,26267,116.0,57.0,2.0344827586206895,120.0,56.0,2.0689655172413794,116.0,57.0,2.0344827586206895,2.0350877192982457,2.142857142857143,2.0350877192982457,1.1138091087341309,True,diabolical_2308_24.txt,JEROSLOW_WANG,diabolical,1440,23
2,12011,26267,120.0,58.0,2.0689655172413794,120.0,58.0,2.0689655172413794,120.0,58.0,2.0689655172413794,2.0689655172413794,2.0689655172413794,2.0689655172413794,1.094118595123291,True,diabolical_2308_24.txt,DLIS_negated,diabolical,1440,23
2,12011,26267,120.0,58.0,2.0689655172413794,120.0,58.0,2.0689655172413794,120.0,58.0,2.0689655172413794,2.0689655172413794,2.0689655172413794,2.0689655172413794,1.094118595123291,True,diabolical_2308_24.txt,DLIS_negated,diabolical,1440,23
2,12011,26267,120.0,58.0,2.0689655172413794,120.0,58.0,2.0689655172413794,120.0,58.0,2.0689655172413794,2.0689655172413794,2.0689655172413794,2.0689655172413794,1.094118595123291,True,diabolical_2308_24.txt,DLIS_negated,diabolical,1440,23
2,12011,26267,120.0,58.0,2.0689655172413794,120.0,58.0,2.0689655172413794,120.0,58.0,2.0689655172413794,2.0689655172413794,2.0689655172413794,2.0689655172413794,1.094118595123291,True,diabolical_2308_24.txt,DLIS_negated,diabolical,1440,23
6,12015,26271,439.3333333333333,164.0,2.678408605817428,425.0,162.0,2.623456790123457,439.0,164.0,2.676829268292683,2.678861788617886,2.623456790123457,2.676829268292683,1.289757251739502,True,diabolical_2808_29.txt,DLCS,diabolical,1740,27
6,12015,26271,439.3333333333333,164.0,2.678408605817428,425.0,162.0,2.623456790123457,439.0,164.0,2.676829268292683,2.678861788617886,2.623456790123457,2.676829268292683,1.289757251739502,True,diabolical_2808_29.txt,DLCS,diabolical,1740,27
6,12015,26271,439.3333333333333,164.0,2.678408605817428,425.0,162.0,2.623456790123457,439.0,164.0,2.676829268292683,2.678861788617886,2.623456790123457,2.676829268292683,1.289757251739502,True,diabolical_2808_29.txt,DLCS,diabolical,1740,27
6,12015,26271,439.3333333333333,164.0,2.678408605817428,425.0,162.0,2.623456790123457,439.0,164.0,2.676829268292683,2.678861788617886,2.623456790123457,2.676829268292683,1.289757251739502,True,diabolical_2808_29.txt,DLCS,diabolical,1740,27
34,12015,26271,354.3888888888889,148.0,2.3793681878038413,320.0,160.0,2.623456790123457,350.5,149.0,2.352252252252252,2.3945195195195197,2.0,2.3523489932885906,1.165405511856079,True,diabolical_2808_29.txt,DLIS,diabolical,1740,27
34,12015,26271,354.3888888888889,148.0,2.3793681878038413,320.0,160.0,2.623456790123457,350.5,149.0,2.352252252252252,2.3945195195195197,2.0,2.3523489932885906,1.165405511856079,True,diabolical_2808_29.txt,DLIS,diabolical,1740,27
34,12015,26271,354.3888888888889,148.0,2.3793681878038413,320.0,160.0,2.623456790123457,350.5,149.0,2.352252252252252,2.3945195195195197,2.0,2.3523489932885906,1.165405511856079,True,diabolical_2808_29.txt,DLIS,diabolical,1740,27
34,12015,26271,354.3888888888889,148.0,2.3793681878038413,320.0,160.0,2.623456790123457,350.5,149.0,2.352252252252252,2.3945195195195197,2.0,2.3523489932885906,1.165405511856079,True,diabolical_2808_29.txt,DLIS,diabolical,1740,27
33,12015,26271,361.5882352941176,150.0,2.399189085008574,320.0,160.0,2.623456790123457,355.0,150.0,2.3666666666666667,2.4105882352941177,2.0,2.3666666666666667,1.0261707305908203,True,diabolical_2808_29.txt,JEROSLOW_WANG,diabolical,1740,27
33,12015,26271,361.5882352941176,150.0,2.399189085008574,320.0,160.0,2.623456790123457,355.0,150.0,2.3666666666666667,2.4105882352941177,2.0,2.3666666666666667,1.0261707305908203,True,diabolical_2808_29.txt,JEROSLOW_WANG,diabolical,1740,27
33,12015,26271,361.5882352941176,150.0,2.399189085008574,320.0,160.0,2.623456790123457,355.0,150.0,2.3666666666666667,2.4105882352941177,2.0,2.3666666666666667,1.0261707305908203,True,diabolical_2808_29.txt,JEROSLOW_WANG,diabolical,1740,27
33,12015,26271,361.5882352941176,150.0,2.399189085008574,320.0,160.0,2.623456790123457,355.0,150.0,2.3666666666666667,2.4105882352941177,2.0,2.3666666666666667,1.0261707305908203,True,diabolical_2808_29.txt,JEROSLOW_WANG,diabolical,1740,27
8,12015,26271,432.5,163.0,2.6525564543630713,425.0,160.0,2.623456790123457,432.0,163.0,2.6501430292080697,2.6533742331288344,2.65625,2.6503067484662575,0.874826192855835,True,diabolical_2808_29.txt,DLIS_negated,diabolical,1740,27
8,12015,26271,432.5,163.0,2.6525564543630713,425.0,160.0,2.623456790123457,432.0,163.0,2.6501430292080697,2.6533742331288344,2.65625,2.6503067484662575,0.874826192855835,True,diabolical_2808_29.txt,DLIS_negated,diabolical,1740,27
8,12015,26271,432.5,163.0,2.6525564543630713,425.0,160.0,2.623456790123457,432.0,163.0,2.6501430292080697,2.6533742331288344,2.65625,2.6503067484662575,0.874826192855835,True,diabolical_2808_29.txt,DLIS_negated,diabolical,1740,27
8,12015,26271,432.5,163.0,2.6525564543630713,425.0,160.0,2.623456790123457,432.0,163.0,2.6501430292080697,2.6533742331288344,2.65625,2.6503067484662575,0.874826192855835,True,diabolical_2808_29.txt,DLIS_negated,diabolical,1740,27
4,12012,26268,421.0,169.0,2.491001400560224,427.0,168.0,2.511764705882353,421.0,169.0,2.491001400560224,2.4911242603550297,2.5416666666666665,2.4911242603550297,0.9468994140625,True,diabolical_3008_26.txt,DLCS,diabolical,1560,24
4,12012,26268,421.0,169.0,2.491001400560224,427.0,168.0,2.511764705882353,421.0,169.0,2.491001400560224,2.4911242603550297,2.5416666666666665,2.4911242603550297,0.9468994140625,True,diabolical_3008_26.txt,DLCS,diabolical,1560,24
4,12012,26268,421.0,169.0,2.491001400560224,427.0,168.0,2.511764705882353,421.0,169.0,2.491001400560224,2.4911242603550297,2.5416666666666665,2.4911242603550297,0.9468994140625,True,diabolical_3008_26.txt,DLCS,diabolical,1560,24
4,12012,26268,421.0,169.0,2.491001400560224,427.0,168.0,2.511764705882353,421.0,169.0,2.491001400560224,2.4911242603550297,2.5416666666666665,2.4911242603550297,0.9468994140625,True,diabolical_3008_26.txt,DLCS,diabolical,1560,24
41,12012,26268,332.59090909090907,146.8181818181818,2.2518102474202806,256.0,128.0,2.511764705882353,332.0,149.0,2.228108108108108,2.2653250773993805,2.0,2.228187919463087,1.105102300643921,True,diabolical_3008_26.txt,DLIS,diabolical,1560,24
41,12012,26268,332.59090909090907,146.8181818181818,2.2518102474202806,256.0,128.0,2.511764705882353,332.0,149.0,2.228108108108108,2.2653250773993805,2.0,2.228187919463087,1.105102300643921,True,diabolical_3008_26.txt,DLIS,diabolical,1560,24
41,12012,26268,332.59090909090907,146.8181818181818,2.2518102474202806,256.0,128.0,2.511764705882353,332.0,149.0,2.228108108108108,2.2653250773993805,2.0,2.228187919463087,1.105102300643921,True,diabolical_3008_26.txt,DLIS,diabolical,1560,24
41,12012,26268,332.59090909090907,146.8181818181818,2.2518102474202806,256.0,128.0,2.511764705882353,332.0,149.0,2.228108108108108,2.2653250773993805,2.0,2.228187919463087,1.105102300643921,True,diabolical_3008_26.txt,DLIS,diabolical,1560,24
27,12012,26268,366.07142857142856,157.0,2.326400470643454,352.0,160.0,2.511764705882353,364.0,157.0,2.31840311587147,2.331665150136488,2.2,2.3184713375796178,1.102809190750122,True,diabolical_3008_26.txt,JEROSLOW_WANG,diabolical,1560,24
27,12012,26268,366.07142857142856,157.0,2.326400470643454,352.0,160.0,2.511764705882353,364.0,157.0,2.31840311587147,2.331665150136488,2.2,2.3184713375796178,1.102809190750122,True,diabolical_3008_26.txt,JEROSLOW_WANG,diabolical,1560,24
27,12012,26268,366.07142857142856,157.0,2.326400470643454,352.0,160.0,2.511764705882353,364.0,157.0,2.31840311587147,2.331665150136488,2.2,2.3184713375796178,1.102809190750122,True,diabolical_3008_26.txt,JEROSLOW_WANG,diabolical,1560,24
27,12012,26268,366.07142857142856,157.0,2.326400470643454,352.0,160.0,2.511764705882353,364.0,157.0,2.31840311587147,2.331665150136488,2.2,2.3184713375796178,1.102809190750122,True,diabolical_3008_26.txt,JEROSLOW_WANG,diabolical,1560,24
10,12012,26268,405.6,166.0,2.4426028944027194,386.0,162.0,2.511764705882353,405.0,166.0,2.4397590361445785,2.4433734939759035,2.382716049382716,2.4397590361445785,0.8817646503448486,True,diabolical_3008_26.txt,DLIS_negated,diabolical,1560,24
10,12012,26268,405.6,166.0,2.4426028944027194,386.0,162.0,2.511764705882353,405.0,166.0,2.4397590361445785,2.4433734939759035,2.382716049382716,2.4397590361445785,0.8817646503448486,True,diabolical_3008_26.txt,DLIS_negated,diabolical,1560,24
10,12012,26268,405.6,166.0,2.4426028944027194,386.0,162.0,2.511764705882353,405.0,166.0,2.4397590361445785,2.4433734939759035,2.382716049382716,2.4397590361445785,0.8817646503448486,True,diabolical_3008_26.txt,DLIS_negated,diabolical,1560,24
10,12012,26268,405.6,166.0,2.4426028944027194,386.0,162.0,2.511764705882353,405.0,166.0,2.4397590361445785,2.4433734939759035,2.382716049382716,2.4397590361445785,0.8817646503448486,True,diabolical_3008_26.txt,DLIS_negated,diabolical,1560,24
1,12015,26271,0.0,0.0,0.0,0.0,0.0,0.0,0.0,0.0,0.0,0.0,0.0,0.0,0.876213550567627,True,gentle_0709_14.txt,DLCS,gentle,840,27
1,12015,26271,0.0,0.0,0.0,0.0,0.0,0.0,0.0,0.0,0.0,0.0,0.0,0.0,0.876213550567627,True,gentle_0709_14.txt,DLCS,gentle,840,27
1,12015,26271,0.0,0.0,0.0,0.0,0.0,0.0,0.0,0.0,0.0,0.0,0.0,0.0,0.876213550567627,True,gentle_0709_14.txt,DLCS,gentle,840,27
1,12015,26271,0.0,0.0,0.0,0.0,0.0,0.0,0.0,0.0,0.0,0.0,0.0,0.0,0.876213550567627,True,gentle_0709_14.txt,DLCS,gentle,840,27
1,12015,26271,0.0,0.0,0.0,0.0,0.0,0.0,0.0,0.0,0.0,0.0,0.0,0.0,1.0133287906646729,True,gentle_0709_14.txt,DLIS,gentle,840,27
1,12015,26271,0.0,0.0,0.0,0.0,0.0,0.0,0.0,0.0,0.0,0.0,0.0,0.0,1.0133287906646729,True,gentle_0709_14.txt,DLIS,gentle,840,27
1,12015,26271,0.0,0.0,0.0,0.0,0.0,0.0,0.0,0.0,0.0,0.0,0.0,0.0,1.0133287906646729,True,gentle_0709_14.txt,DLIS,gentle,840,27
1,12015,26271,0.0,0.0,0.0,0.0,0.0,0.0,0.0,0.0,0.0,0.0,0.0,0.0,1.0133287906646729,True,gentle_0709_14.txt,DLIS,gentle,840,27
1,12015,26271,0.0,0.0,0.0,0.0,0.0,0.0,0.0,0.0,0.0,0.0,0.0,0.0,0.9950904846191406,True,gentle_0709_14.txt,JEROSLOW_WANG,gentle,840,27
1,12015,26271,0.0,0.0,0.0,0.0,0.0,0.0,0.0,0.0,0.0,0.0,0.0,0.0,0.9950904846191406,True,gentle_0709_14.txt,JEROSLOW_WANG,gentle,840,27
1,12015,26271,0.0,0.0,0.0,0.0,0.0,0.0,0.0,0.0,0.0,0.0,0.0,0.0,0.9950904846191406,True,gentle_0709_14.txt,JEROSLOW_WANG,gentle,840,27
1,12015,26271,0.0,0.0,0.0,0.0,0.0,0.0,0.0,0.0,0.0,0.0,0.0,0.0,0.9950904846191406,True,gentle_0709_14.txt,JEROSLOW_WANG,gentle,840,27
1,12015,26271,0.0,0.0,0.0,0.0,0.0,0.0,0.0,0.0,0.0,0.0,0.0,0.0,0.8774363994598389,True,gentle_0709_14.txt,DLIS_negated,gentle,840,27
1,12015,26271,0.0,0.0,0.0,0.0,0.0,0.0,0.0,0.0,0.0,0.0,0.0,0.0,0.8774363994598389,True,gentle_0709_14.txt,DLIS_negated,gentle,840,27
1,12015,26271,0.0,0.0,0.0,0.0,0.0,0.0,0.0,0.0,0.0,0.0,0.0,0.0,0.8774363994598389,True,gentle_0709_14.txt,DLIS_negated,gentle,840,27
1,12015,26271,0.0,0.0,0.0,0.0,0.0,0.0,0.0,0.0,0.0,0.0,0.0,0.0,0.8774363994598389,True,gentle_0709_14.txt,DLIS_negated,gentle,840,27
1,12016,26272,0.0,0.0,0.0,0.0,0.0,0.0,0.0,0.0,0.0,0.0,0.0,0.0,0.905919075012207,True,gentle_1409_15.txt,DLCS,gentle,900,28
1,12016,26272,0.0,0.0,0.0,0.0,0.0,0.0,0.0,0.0,0.0,0.0,0.0,0.0,0.905919075012207,True,gentle_1409_15.txt,DLCS,gentle,900,28
1,12016,26272,0.0,0.0,0.0,0.0,0.0,0.0,0.0,0.0,0.0,0.0,0.0,0.0,0.905919075012207,True,gentle_1409_15.txt,DLCS,gentle,900,28
1,12016,26272,0.0,0.0,0.0,0.0,0.0,0.0,0.0,0.0,0.0,0.0,0.0,0.0,0.905919075012207,True,gentle_1409_15.txt,DLCS,gentle,900,28
1,12016,26272,0.0,0.0,0.0,0.0,0.0,0.0,0.0,0.0,0.0,0.0,0.0,0.0,0.864386796951294,True,gentle_1409_15.txt,DLIS,gentle,900,28
1,12016,26272,0.0,0.0,0.0,0.0,0.0,0.0,0.0,0.0,0.0,0.0,0.0,0.0,0.864386796951294,True,gentle_1409_15.txt,DLIS,gentle,900,28
1,12016,26272,0.0,0.0,0.0,0.0,0.0,0.0,0.0,0.0,0.0,0.0,0.0,0.0,0.864386796951294,True,gentle_1409_15.txt,DLIS,gentle,900,28
1,12016,26272,0.0,0.0,0.0,0.0,0.0,0.0,0.0,0.0,0.0,0.0,0.0,0.0,0.864386796951294,True,gentle_1409_15.txt,DLIS,gentle,900,28
1,12016,26272,0.0,0.0,0.0,0.0,0.0,0.0,0.0,0.0,0.0,0.0,0.0,0.0,0.9754805564880371,True,gentle_1409_15.txt,JEROSLOW_WANG,gentle,900,28
1,12016,26272,0.0,0.0,0.0,0.0,0.0,0.0,0.0,0.0,0.0,0.0,0.0,0.0,0.9754805564880371,True,gentle_1409_15.txt,JEROSLOW_WANG,gentle,900,28
1,12016,26272,0.0,0.0,0.0,0.0,0.0,0.0,0.0,0.0,0.0,0.0,0.0,0.0,0.9754805564880371,True,gentle_1409_15.txt,JEROSLOW_WANG,gentle,900,28
1,12016,26272,0.0,0.0,0.0,0.0,0.0,0.0,0.0,0.0,0.0,0.0,0.0,0.0,0.9754805564880371,True,gentle_1409_15.txt,JEROSLOW_WANG,gentle,900,28
1,12016,26272,0.0,0.0,0.0,0.0,0.0,0.0,0.0,0.0,0.0,0.0,0.0,0.0,0.8646855354309082,True,gentle_1409_15.txt,DLIS_negated,gentle,900,28
1,12016,26272,0.0,0.0,0.0,0.0,0.0,0.0,0.0,0.0,0.0,0.0,0.0,0.0,0.8646855354309082,True,gentle_1409_15.txt,DLIS_negated,gentle,900,28
1,12016,26272,0.0,0.0,0.0,0.0,0.0,0.0,0.0,0.0,0.0,0.0,0.0,0.0,0.8646855354309082,True,gentle_1409_15.txt,DLIS_negated,gentle,900,28
1,12016,26272,0.0,0.0,0.0,0.0,0.0,0.0,0.0,0.0,0.0,0.0,0.0,0.0,0.8646855354309082,True,gentle_1409_15.txt,DLIS_negated,gentle,900,28
1,12015,26271,0.0,0.0,0.0,0.0,0.0,0.0,0.0,0.0,0.0,0.0,0.0,0.0,1.0168049335479736,True,gentle_2408_12.txt,DLCS,gentle,720,27
1,12015,26271,0.0,0.0,0.0,0.0,0.0,0.0,0.0,0.0,0.0,0.0,0.0,0.0,1.0168049335479736,True,gentle_2408_12.txt,DLCS,gentle,720,27
1,12015,26271,0.0,0.0,0.0,0.0,0.0,0.0,0.0,0.0,0.0,0.0,0.0,0.0,1.0168049335479736,True,gentle_2408_12.txt,DLCS,gentle,720,27
1,12015,26271,0.0,0.0,0.0,0.0,0.0,0.0,0.0,0.0,0.0,0.0,0.0,0.0,1.0168049335479736,True,gentle_2408_12.txt,DLCS,gentle,720,27
1,12015,26271,0.0,0.0,0.0,0.0,0.0,0.0,0.0,0.0,0.0,0.0,0.0,0.0,0.8624858856201172,True,gentle_2408_12.txt,DLIS,gentle,720,27
1,12015,26271,0.0,0.0,0.0,0.0,0.0,0.0,0.0,0.0,0.0,0.0,0.0,0.0,0.8624858856201172,True,gentle_2408_12.txt,DLIS,gentle,720,27
1,12015,26271,0.0,0.0,0.0,0.0,0.0,0.0,0.0,0.0,0.0,0.0,0.0,0.0,0.8624858856201172,True,gentle_2408_12.txt,DLIS,gentle,720,27
1,12015,26271,0.0,0.0,0.0,0.0,0.0,0.0,0.0,0.0,0.0,0.0,0.0,0.0,0.8624858856201172,True,gentle_2408_12.txt,DLIS,gentle,720,27
1,12015,26271,0.0,0.0,0.0,0.0,0.0,0.0,0.0,0.0,0.0,0.0,0.0,0.0,0.8846375942230225,True,gentle_2408_12.txt,JEROSLOW_WANG,gentle,720,27
1,12015,26271,0.0,0.0,0.0,0.0,0.0,0.0,0.0,0.0,0.0,0.0,0.0,0.0,0.8846375942230225,True,gentle_2408_12.txt,JEROSLOW_WANG,gentle,720,27
1,12015,26271,0.0,0.0,0.0,0.0,0.0,0.0,0.0,0.0,0.0,0.0,0.0,0.0,0.8846375942230225,True,gentle_2408_12.txt,JEROSLOW_WANG,gentle,720,27
1,12015,26271,0.0,0.0,0.0,0.0,0.0,0.0,0.0,0.0,0.0,0.0,0.0,0.0,0.8846375942230225,True,gentle_2408_12.txt,JEROSLOW_WANG,gentle,720,27
1,12015,26271,0.0,0.0,0.0,0.0,0.0,0.0,0.0,0.0,0.0,0.0,0.0,0.0,1.0116407871246338,True,gentle_2408_12.txt,DLIS_negated,gentle,720,27
1,12015,26271,0.0,0.0,0.0,0.0,0.0,0.0,0.0,0.0,0.0,0.0,0.0,0.0,1.0116407871246338,True,gentle_2408_12.txt,DLIS_negated,gentle,720,27
1,12015,26271,0.0,0.0,0.0,0.0,0.0,0.0,0.0,0.0,0.0,0.0,0.0,0.0,1.0116407871246338,True,gentle_2408_12.txt,DLIS_negated,gentle,720,27
1,12015,26271,0.0,0.0,0.0,0.0,0.0,0.0,0.0,0.0,0.0,0.0,0.0,0.0,1.0116407871246338,True,gentle_2408_12.txt,DLIS_negated,gentle,720,27
1,12016,26272,0.0,0.0,0.0,0.0,0.0,0.0,0.0,0.0,0.0,0.0,0.0,0.0,1.170539140701294,True,gentle_3108_14.txt,DLCS,gentle,840,28
1,12016,26272,0.0,0.0,0.0,0.0,0.0,0.0,0.0,0.0,0.0,0.0,0.0,0.0,1.170539140701294,True,gentle_3108_14.txt,DLCS,gentle,840,28
1,12016,26272,0.0,0.0,0.0,0.0,0.0,0.0,0.0,0.0,0.0,0.0,0.0,0.0,1.170539140701294,True,gentle_3108_14.txt,DLCS,gentle,840,28
1,12016,26272,0.0,0.0,0.0,0.0,0.0,0.0,0.0,0.0,0.0,0.0,0.0,0.0,1.170539140701294,True,gentle_3108_14.txt,DLCS,gentle,840,28
1,12016,26272,0.0,0.0,0.0,0.0,0.0,0.0,0.0,0.0,0.0,0.0,0.0,0.0,1.0936081409454346,True,gentle_3108_14.txt,DLIS,gentle,840,28
1,12016,26272,0.0,0.0,0.0,0.0,0.0,0.0,0.0,0.0,0.0,0.0,0.0,0.0,1.0936081409454346,True,gentle_3108_14.txt,DLIS,gentle,840,28
1,12016,26272,0.0,0.0,0.0,0.0,0.0,0.0,0.0,0.0,0.0,0.0,0.0,0.0,1.0936081409454346,True,gentle_3108_14.txt,DLIS,gentle,840,28
1,12016,26272,0.0,0.0,0.0,0.0,0.0,0.0,0.0,0.0,0.0,0.0,0.0,0.0,1.0936081409454346,True,gentle_3108_14.txt,DLIS,gentle,840,28
1,12016,26272,0.0,0.0,0.0,0.0,0.0,0.0,0.0,0.0,0.0,0.0,0.0,0.0,1.115734577178955,True,gentle_3108_14.txt,JEROSLOW_WANG,gentle,840,28
1,12016,26272,0.0,0.0,0.0,0.0,0.0,0.0,0.0,0.0,0.0,0.0,0.0,0.0,1.115734577178955,True,gentle_3108_14.txt,JEROSLOW_WANG,gentle,840,28
1,12016,26272,0.0,0.0,0.0,0.0,0.0,0.0,0.0,0.0,0.0,0.0,0.0,0.0,1.115734577178955,True,gentle_3108_14.txt,JEROSLOW_WANG,gentle,840,28
1,12016,26272,0.0,0.0,0.0,0.0,0.0,0.0,0.0,0.0,0.0,0.0,0.0,0.0,1.115734577178955,True,gentle_3108_14.txt,JEROSLOW_WANG,gentle,840,28
1,12016,26272,0.0,0.0,0.0,0.0,0.0,0.0,0.0,0.0,0.0,0.0,0.0,0.0,1.0910708904266357,True,gentle_3108_14.txt,DLIS_negated,gentle,840,28
1,12016,26272,0.0,0.0,0.0,0.0,0.0,0.0,0.0,0.0,0.0,0.0,0.0,0.0,1.0910708904266357,True,gentle_3108_14.txt,DLIS_negated,gentle,840,28
1,12016,26272,0.0,0.0,0.0,0.0,0.0,0.0,0.0,0.0,0.0,0.0,0.0,0.0,1.0910708904266357,True,gentle_3108_14.txt,DLIS_negated,gentle,840,28
1,12016,26272,0.0,0.0,0.0,0.0,0.0,0.0,0.0,0.0,0.0,0.0,0.0,0.0,1.0910708904266357,True,gentle_3108_14.txt,DLIS_negated,gentle,840,28
1,12016,26272,0.0,0.0,0.0,0.0,0.0,0.0,0.0,0.0,0.0,0.0,0.0,0.0,1.1598782539367676,True,moderate_0109_15.txt,DLCS,moderate,900,28
1,12016,26272,0.0,0.0,0.0,0.0,0.0,0.0,0.0,0.0,0.0,0.0,0.0,0.0,1.1598782539367676,True,moderate_0109_15.txt,DLCS,moderate,900,28
1,12016,26272,0.0,0.0,0.0,0.0,0.0,0.0,0.0,0.0,0.0,0.0,0.0,0.0,1.1598782539367676,True,moderate_0109_15.txt,DLCS,moderate,900,28
1,12016,26272,0.0,0.0,0.0,0.0,0.0,0.0,0.0,0.0,0.0,0.0,0.0,0.0,1.1598782539367676,True,moderate_0109_15.txt,DLCS,moderate,900,28
1,12016,26272,0.0,0.0,0.0,0.0,0.0,0.0,0.0,0.0,0.0,0.0,0.0,0.0,1.0369939804077148,True,moderate_0109_15.txt,DLIS,moderate,900,28
1,12016,26272,0.0,0.0,0.0,0.0,0.0,0.0,0.0,0.0,0.0,0.0,0.0,0.0,1.0369939804077148,True,moderate_0109_15.txt,DLIS,moderate,900,28
1,12016,26272,0.0,0.0,0.0,0.0,0.0,0.0,0.0,0.0,0.0,0.0,0.0,0.0,1.0369939804077148,True,moderate_0109_15.txt,DLIS,moderate,900,28
1,12016,26272,0.0,0.0,0.0,0.0,0.0,0.0,0.0,0.0,0.0,0.0,0.0,0.0,1.0369939804077148,True,moderate_0109_15.txt,DLIS,moderate,900,28
1,12016,26272,0.0,0.0,0.0,0.0,0.0,0.0,0.0,0.0,0.0,0.0,0.0,0.0,1.1978027820587158,True,moderate_0109_15.txt,JEROSLOW_WANG,moderate,900,28
1,12016,26272,0.0,0.0,0.0,0.0,0.0,0.0,0.0,0.0,0.0,0.0,0.0,0.0,1.1978027820587158,True,moderate_0109_15.txt,JEROSLOW_WANG,moderate,900,28
1,12016,26272,0.0,0.0,0.0,0.0,0.0,0.0,0.0,0.0,0.0,0.0,0.0,0.0,1.1978027820587158,True,moderate_0109_15.txt,JEROSLOW_WANG,moderate,900,28
1,12016,26272,0.0,0.0,0.0,0.0,0.0,0.0,0.0,0.0,0.0,0.0,0.0,0.0,1.1978027820587158,True,moderate_0109_15.txt,JEROSLOW_WANG,moderate,900,28
1,12016,26272,0.0,0.0,0.0,0.0,0.0,0.0,0.0,0.0,0.0,0.0,0.0,0.0,0.8948376178741455,True,moderate_0109_15.txt,DLIS_negated,moderate,900,28
1,12016,26272,0.0,0.0,0.0,0.0,0.0,0.0,0.0,0.0,0.0,0.0,0.0,0.0,0.8948376178741455,True,moderate_0109_15.txt,DLIS_negated,moderate,900,28
1,12016,26272,0.0,0.0,0.0,0.0,0.0,0.0,0.0,0.0,0.0,0.0,0.0,0.0,0.8948376178741455,True,moderate_0109_15.txt,DLIS_negated,moderate,900,28
1,12016,26272,0.0,0.0,0.0,0.0,0.0,0.0,0.0,0.0,0.0,0.0,0.0,0.0,0.8948376178741455,True,moderate_0109_15.txt,DLIS_negated,moderate,900,28
1,12015,26271,0.0,0.0,0.0,0.0,0.0,0.0,0.0,0.0,0.0,0.0,0.0,0.0,0.9175701141357422,True,moderate_0209_14.txt,DLCS,moderate,840,27
1,12015,26271,0.0,0.0,0.0,0.0,0.0,0.0,0.0,0.0,0.0,0.0,0.0,0.0,0.9175701141357422,True,moderate_0209_14.txt,DLCS,moderate,840,27
1,12015,26271,0.0,0.0,0.0,0.0,0.0,0.0,0.0,0.0,0.0,0.0,0.0,0.0,0.9175701141357422,True,moderate_0209_14.txt,DLCS,moderate,840,27
1,12015,26271,0.0,0.0,0.0,0.0,0.0,0.0,0.0,0.0,0.0,0.0,0.0,0.0,0.9175701141357422,True,moderate_0209_14.txt,DLCS,moderate,840,27
1,12015,26271,0.0,0.0,0.0,0.0,0.0,0.0,0.0,0.0,0.0,0.0,0.0,0.0,0.875476598739624,True,moderate_0209_14.txt,DLIS,moderate,840,27
1,12015,26271,0.0,0.0,0.0,0.0,0.0,0.0,0.0,0.0,0.0,0.0,0.0,0.0,0.875476598739624,True,moderate_0209_14.txt,DLIS,moderate,840,27
1,12015,26271,0.0,0.0,0.0,0.0,0.0,0.0,0.0,0.0,0.0,0.0,0.0,0.0,0.875476598739624,True,moderate_0209_14.txt,DLIS,moderate,840,27
1,12015,26271,0.0,0.0,0.0,0.0,0.0,0.0,0.0,0.0,0.0,0.0,0.0,0.0,0.875476598739624,True,moderate_0209_14.txt,DLIS,moderate,840,27
1,12015,26271,0.0,0.0,0.0,0.0,0.0,0.0,0.0,0.0,0.0,0.0,0.0,0.0,0.8953695297241211,True,moderate_0209_14.txt,JEROSLOW_WANG,moderate,840,27
1,12015,26271,0.0,0.0,0.0,0.0,0.0,0.0,0.0,0.0,0.0,0.0,0.0,0.0,0.8953695297241211,True,moderate_0209_14.txt,JEROSLOW_WANG,moderate,840,27
1,12015,26271,0.0,0.0,0.0,0.0,0.0,0.0,0.0,0.0,0.0,0.0,0.0,0.0,0.8953695297241211,True,moderate_0209_14.txt,JEROSLOW_WANG,moderate,840,27
1,12015,26271,0.0,0.0,0.0,0.0,0.0,0.0,0.0,0.0,0.0,0.0,0.0,0.0,0.8953695297241211,True,moderate_0209_14.txt,JEROSLOW_WANG,moderate,840,27
1,12015,26271,0.0,0.0,0.0,0.0,0.0,0.0,0.0,0.0,0.0,0.0,0.0,0.0,0.8728859424591064,True,moderate_0209_14.txt,DLIS_negated,moderate,840,27
1,12015,26271,0.0,0.0,0.0,0.0,0.0,0.0,0.0,0.0,0.0,0.0,0.0,0.0,0.8728859424591064,True,moderate_0209_14.txt,DLIS_negated,moderate,840,27
1,12015,26271,0.0,0.0,0.0,0.0,0.0,0.0,0.0,0.0,0.0,0.0,0.0,0.0,0.8728859424591064,True,moderate_0209_14.txt,DLIS_negated,moderate,840,27
1,12015,26271,0.0,0.0,0.0,0.0,0.0,0.0,0.0,0.0,0.0,0.0,0.0,0.0,0.8728859424591064,True,moderate_0209_14.txt,DLIS_negated,moderate,840,27
1,12015,26271,0.0,0.0,0.0,0.0,0.0,0.0,0.0,0.0,0.0,0.0,0.0,0.0,1.0093042850494385,True,moderate_0509_15.txt,DLCS,moderate,900,27
1,12015,26271,0.0,0.0,0.0,0.0,0.0,0.0,0.0,0.0,0.0,0.0,0.0,0.0,1.0093042850494385,True,moderate_0509_15.txt,DLCS,moderate,900,27
1,12015,26271,0.0,0.0,0.0,0.0,0.0,0.0,0.0,0.0,0.0,0.0,0.0,0.0,1.0093042850494385,True,moderate_0509_15.txt,DLCS,moderate,900,27
1,12015,26271,0.0,0.0,0.0,0.0,0.0,0.0,0.0,0.0,0.0,0.0,0.0,0.0,1.0093042850494385,True,moderate_0509_15.txt,DLCS,moderate,900,27
1,12015,26271,0.0,0.0,0.0,0.0,0.0,0.0,0.0,0.0,0.0,0.0,0.0,0.0,0.85347580909729,True,moderate_0509_15.txt,DLIS,moderate,900,27
1,12015,26271,0.0,0.0,0.0,0.0,0.0,0.0,0.0,0.0,0.0,0.0,0.0,0.0,0.85347580909729,True,moderate_0509_15.txt,DLIS,moderate,900,27
1,12015,26271,0.0,0.0,0.0,0.0,0.0,0.0,0.0,0.0,0.0,0.0,0.0,0.0,0.85347580909729,True,moderate_0509_15.txt,DLIS,moderate,900,27
1,12015,26271,0.0,0.0,0.0,0.0,0.0,0.0,0.0,0.0,0.0,0.0,0.0,0.0,0.85347580909729,True,moderate_0509_15.txt,DLIS,moderate,900,27
1,12015,26271,0.0,0.0,0.0,0.0,0.0,0.0,0.0,0.0,0.0,0.0,0.0,0.0,0.8823432922363281,True,moderate_0509_15.txt,JEROSLOW_WANG,moderate,900,27
1,12015,26271,0.0,0.0,0.0,0.0,0.0,0.0,0.0,0.0,0.0,0.0,0.0,0.0,0.8823432922363281,True,moderate_0509_15.txt,JEROSLOW_WANG,moderate,900,27
1,12015,26271,0.0,0.0,0.0,0.0,0.0,0.0,0.0,0.0,0.0,0.0,0.0,0.0,0.8823432922363281,True,moderate_0509_15.txt,JEROSLOW_WANG,moderate,900,27
1,12015,26271,0.0,0.0,0.0,0.0,0.0,0.0,0.0,0.0,0.0,0.0,0.0,0.0,0.8823432922363281,True,moderate_0509_15.txt,JEROSLOW_WANG,moderate,900,27
1,12015,26271,0.0,0.0,0.0,0.0,0.0,0.0,0.0,0.0,0.0,0.0,0.0,0.0,0.9514493942260742,True,moderate_0509_15.txt,DLIS_negated,moderate,900,27
1,12015,26271,0.0,0.0,0.0,0.0,0.0,0.0,0.0,0.0,0.0,0.0,0.0,0.0,0.9514493942260742,True,moderate_0509_15.txt,DLIS_negated,moderate,900,27
1,12015,26271,0.0,0.0,0.0,0.0,0.0,0.0,0.0,0.0,0.0,0.0,0.0,0.0,0.9514493942260742,True,moderate_0509_15.txt,DLIS_negated,moderate,900,27
1,12015,26271,0.0,0.0,0.0,0.0,0.0,0.0,0.0,0.0,0.0,0.0,0.0,0.0,0.9514493942260742,True,moderate_0509_15.txt,DLIS_negated,moderate,900,27
1,12013,26269,0.0,0.0,0.0,0.0,0.0,0.0,0.0,0.0,0.0,0.0,0.0,0.0,0.9422023296356201,True,moderate_0809_15.txt,DLCS,moderate,900,25
1,12013,26269,0.0,0.0,0.0,0.0,0.0,0.0,0.0,0.0,0.0,0.0,0.0,0.0,0.9422023296356201,True,moderate_0809_15.txt,DLCS,moderate,900,25
1,12013,26269,0.0,0.0,0.0,0.0,0.0,0.0,0.0,0.0,0.0,0.0,0.0,0.0,0.9422023296356201,True,moderate_0809_15.txt,DLCS,moderate,900,25
1,12013,26269,0.0,0.0,0.0,0.0,0.0,0.0,0.0,0.0,0.0,0.0,0.0,0.0,0.9422023296356201,True,moderate_0809_15.txt,DLCS,moderate,900,25
1,12013,26269,0.0,0.0,0.0,0.0,0.0,0.0,0.0,0.0,0.0,0.0,0.0,0.0,0.8995120525360107,True,moderate_0809_15.txt,DLIS,moderate,900,25
1,12013,26269,0.0,0.0,0.0,0.0,0.0,0.0,0.0,0.0,0.0,0.0,0.0,0.0,0.8995120525360107,True,moderate_0809_15.txt,DLIS,moderate,900,25
1,12013,26269,0.0,0.0,0.0,0.0,0.0,0.0,0.0,0.0,0.0,0.0,0.0,0.0,0.8995120525360107,True,moderate_0809_15.txt,DLIS,moderate,900,25
1,12013,26269,0.0,0.0,0.0,0.0,0.0,0.0,0.0,0.0,0.0,0.0,0.0,0.0,0.8995120525360107,True,moderate_0809_15.txt,DLIS,moderate,900,25
1,12013,26269,0.0,0.0,0.0,0.0,0.0,0.0,0.0,0.0,0.0,0.0,0.0,0.0,0.9654562473297119,True,moderate_0809_15.txt,JEROSLOW_WANG,moderate,900,25
1,12013,26269,0.0,0.0,0.0,0.0,0.0,0.0,0.0,0.0,0.0,0.0,0.0,0.0,0.9654562473297119,True,moderate_0809_15.txt,JEROSLOW_WANG,moderate,900,25
1,12013,26269,0.0,0.0,0.0,0.0,0.0,0.0,0.0,0.0,0.0,0.0,0.0,0.0,0.9654562473297119,True,moderate_0809_15.txt,JEROSLOW_WANG,moderate,900,25
1,12013,26269,0.0,0.0,0.0,0.0,0.0,0.0,0.0,0.0,0.0,0.0,0.0,0.0,0.9654562473297119,True,moderate_0809_15.txt,JEROSLOW_WANG,moderate,900,25
1,12013,26269,0.0,0.0,0.0,0.0,0.0,0.0,0.0,0.0,0.0,0.0,0.0,0.0,0.894214391708374,True,moderate_0809_15.txt,DLIS_negated,moderate,900,25
1,12013,26269,0.0,0.0,0.0,0.0,0.0,0.0,0.0,0.0,0.0,0.0,0.0,0.0,0.894214391708374,True,moderate_0809_15.txt,DLIS_negated,moderate,900,25
1,12013,26269,0.0,0.0,0.0,0.0,0.0,0.0,0.0,0.0,0.0,0.0,0.0,0.0,0.894214391708374,True,moderate_0809_15.txt,DLIS_negated,moderate,900,25
1,12013,26269,0.0,0.0,0.0,0.0,0.0,0.0,0.0,0.0,0.0,0.0,0.0,0.0,0.894214391708374,True,moderate_0809_15.txt,DLIS_negated,moderate,900,25
1,12015,26271,0.0,0.0,0.0,0.0,0.0,0.0,0.0,0.0,0.0,0.0,0.0,0.0,0.8759074211120605,True,moderate_0909_15.txt,DLCS,moderate,900,27
1,12015,26271,0.0,0.0,0.0,0.0,0.0,0.0,0.0,0.0,0.0,0.0,0.0,0.0,0.8759074211120605,True,moderate_0909_15.txt,DLCS,moderate,900,27
1,12015,26271,0.0,0.0,0.0,0.0,0.0,0.0,0.0,0.0,0.0,0.0,0.0,0.0,0.8759074211120605,True,moderate_0909_15.txt,DLCS,moderate,900,27
1,12015,26271,0.0,0.0,0.0,0.0,0.0,0.0,0.0,0.0,0.0,0.0,0.0,0.0,0.8759074211120605,True,moderate_0909_15.txt,DLCS,moderate,900,27
1,12015,26271,0.0,0.0,0.0,0.0,0.0,0.0,0.0,0.0,0.0,0.0,0.0,0.0,1.0546848773956299,True,moderate_0909_15.txt,DLIS,moderate,900,27
1,12015,26271,0.0,0.0,0.0,0.0,0.0,0.0,0.0,0.0,0.0,0.0,0.0,0.0,1.0546848773956299,True,moderate_0909_15.txt,DLIS,moderate,900,27
1,12015,26271,0.0,0.0,0.0,0.0,0.0,0.0,0.0,0.0,0.0,0.0,0.0,0.0,1.0546848773956299,True,moderate_0909_15.txt,DLIS,moderate,900,27
1,12015,26271,0.0,0.0,0.0,0.0,0.0,0.0,0.0,0.0,0.0,0.0,0.0,0.0,1.0546848773956299,True,moderate_0909_15.txt,DLIS,moderate,900,27
1,12015,26271,0.0,0.0,0.0,0.0,0.0,0.0,0.0,0.0,0.0,0.0,0.0,0.0,1.1061391830444336,True,moderate_0909_15.txt,JEROSLOW_WANG,moderate,900,27
1,12015,26271,0.0,0.0,0.0,0.0,0.0,0.0,0.0,0.0,0.0,0.0,0.0,0.0,1.1061391830444336,True,moderate_0909_15.txt,JEROSLOW_WANG,moderate,900,27
1,12015,26271,0.0,0.0,0.0,0.0,0.0,0.0,0.0,0.0,0.0,0.0,0.0,0.0,1.1061391830444336,True,moderate_0909_15.txt,JEROSLOW_WANG,moderate,900,27
1,12015,26271,0.0,0.0,0.0,0.0,0.0,0.0,0.0,0.0,0.0,0.0,0.0,0.0,1.1061391830444336,True,moderate_0909_15.txt,JEROSLOW_WANG,moderate,900,27
1,12015,26271,0.0,0.0,0.0,0.0,0.0,0.0,0.0,0.0,0.0,0.0,0.0,0.0,1.1310498714447021,True,moderate_0909_15.txt,DLIS_negated,moderate,900,27
1,12015,26271,0.0,0.0,0.0,0.0,0.0,0.0,0.0,0.0,0.0,0.0,0.0,0.0,1.1310498714447021,True,moderate_0909_15.txt,DLIS_negated,moderate,900,27
1,12015,26271,0.0,0.0,0.0,0.0,0.0,0.0,0.0,0.0,0.0,0.0,0.0,0.0,1.1310498714447021,True,moderate_0909_15.txt,DLIS_negated,moderate,900,27
1,12015,26271,0.0,0.0,0.0,0.0,0.0,0.0,0.0,0.0,0.0,0.0,0.0,0.0,1.1310498714447021,True,moderate_0909_15.txt,DLIS_negated,moderate,900,27
1,12016,26272,0.0,0.0,0.0,0.0,0.0,0.0,0.0,0.0,0.0,0.0,0.0,0.0,0.907721996307373,True,moderate_1209_13.txt,DLCS,moderate,780,28
1,12016,26272,0.0,0.0,0.0,0.0,0.0,0.0,0.0,0.0,0.0,0.0,0.0,0.0,0.907721996307373,True,moderate_1209_13.txt,DLCS,moderate,780,28
1,12016,26272,0.0,0.0,0.0,0.0,0.0,0.0,0.0,0.0,0.0,0.0,0.0,0.0,0.907721996307373,True,moderate_1209_13.txt,DLCS,moderate,780,28
1,12016,26272,0.0,0.0,0.0,0.0,0.0,0.0,0.0,0.0,0.0,0.0,0.0,0.0,0.907721996307373,True,moderate_1209_13.txt,DLCS,moderate,780,28
1,12016,26272,0.0,0.0,0.0,0.0,0.0,0.0,0.0,0.0,0.0,0.0,0.0,0.0,0.8651647567749023,True,moderate_1209_13.txt,DLIS,moderate,780,28
1,12016,26272,0.0,0.0,0.0,0.0,0.0,0.0,0.0,0.0,0.0,0.0,0.0,0.0,0.8651647567749023,True,moderate_1209_13.txt,DLIS,moderate,780,28
1,12016,26272,0.0,0.0,0.0,0.0,0.0,0.0,0.0,0.0,0.0,0.0,0.0,0.0,0.8651647567749023,True,moderate_1209_13.txt,DLIS,moderate,780,28
1,12016,26272,0.0,0.0,0.0,0.0,0.0,0.0,0.0,0.0,0.0,0.0,0.0,0.0,0.8651647567749023,True,moderate_1209_13.txt,DLIS,moderate,780,28
1,12016,26272,0.0,0.0,0.0,0.0,0.0,0.0,0.0,0.0,0.0,0.0,0.0,0.0,0.8751764297485352,True,moderate_1209_13.txt,JEROSLOW_WANG,moderate,780,28
1,12016,26272,0.0,0.0,0.0,0.0,0.0,0.0,0.0,0.0,0.0,0.0,0.0,0.0,0.8751764297485352,True,moderate_1209_13.txt,JEROSLOW_WANG,moderate,780,28
1,12016,26272,0.0,0.0,0.0,0.0,0.0,0.0,0.0,0.0,0.0,0.0,0.0,0.0,0.8751764297485352,True,moderate_1209_13.txt,JEROSLOW_WANG,moderate,780,28
1,12016,26272,0.0,0.0,0.0,0.0,0.0,0.0,0.0,0.0,0.0,0.0,0.0,0.0,0.8751764297485352,True,moderate_1209_13.txt,JEROSLOW_WANG,moderate,780,28
1,12016,26272,0.0,0.0,0.0,0.0,0.0,0.0,0.0,0.0,0.0,0.0,0.0,0.0,0.9066827297210693,True,moderate_1209_13.txt,DLIS_negated,moderate,780,28
1,12016,26272,0.0,0.0,0.0,0.0,0.0,0.0,0.0,0.0,0.0,0.0,0.0,0.0,0.9066827297210693,True,moderate_1209_13.txt,DLIS_negated,moderate,780,28
1,12016,26272,0.0,0.0,0.0,0.0,0.0,0.0,0.0,0.0,0.0,0.0,0.0,0.0,0.9066827297210693,True,moderate_1209_13.txt,DLIS_negated,moderate,780,28
1,12016,26272,0.0,0.0,0.0,0.0,0.0,0.0,0.0,0.0,0.0,0.0,0.0,0.0,0.9066827297210693,True,moderate_1209_13.txt,DLIS_negated,moderate,780,28
1,12016,26272,0.0,0.0,0.0,0.0,0.0,0.0,0.0,0.0,0.0,0.0,0.0,0.0,1.030256748199463,True,moderate_1509_14.txt,DLCS,moderate,840,28
1,12016,26272,0.0,0.0,0.0,0.0,0.0,0.0,0.0,0.0,0.0,0.0,0.0,0.0,1.030256748199463,True,moderate_1509_14.txt,DLCS,moderate,840,28
1,12016,26272,0.0,0.0,0.0,0.0,0.0,0.0,0.0,0.0,0.0,0.0,0.0,0.0,1.030256748199463,True,moderate_1509_14.txt,DLCS,moderate,840,28
1,12016,26272,0.0,0.0,0.0,0.0,0.0,0.0,0.0,0.0,0.0,0.0,0.0,0.0,1.030256748199463,True,moderate_1509_14.txt,DLCS,moderate,840,28
1,12016,26272,0.0,0.0,0.0,0.0,0.0,0.0,0.0,0.0,0.0,0.0,0.0,0.0,1.1127691268920898,True,moderate_1509_14.txt,DLIS,moderate,840,28
1,12016,26272,0.0,0.0,0.0,0.0,0.0,0.0,0.0,0.0,0.0,0.0,0.0,0.0,1.1127691268920898,True,moderate_1509_14.txt,DLIS,moderate,840,28
1,12016,26272,0.0,0.0,0.0,0.0,0.0,0.0,0.0,0.0,0.0,0.0,0.0,0.0,1.1127691268920898,True,moderate_1509_14.txt,DLIS,moderate,840,28
1,12016,26272,0.0,0.0,0.0,0.0,0.0,0.0,0.0,0.0,0.0,0.0,0.0,0.0,1.1127691268920898,True,moderate_1509_14.txt,DLIS,moderate,840,28
1,12016,26272,0.0,0.0,0.0,0.0,0.0,0.0,0.0,0.0,0.0,0.0,0.0,0.0,1.1178910732269287,True,moderate_1509_14.txt,JEROSLOW_WANG,moderate,840,28
1,12016,26272,0.0,0.0,0.0,0.0,0.0,0.0,0.0,0.0,0.0,0.0,0.0,0.0,1.1178910732269287,True,moderate_1509_14.txt,JEROSLOW_WANG,moderate,840,28
1,12016,26272,0.0,0.0,0.0,0.0,0.0,0.0,0.0,0.0,0.0,0.0,0.0,0.0,1.1178910732269287,True,moderate_1509_14.txt,JEROSLOW_WANG,moderate,840,28
1,12016,26272,0.0,0.0,0.0,0.0,0.0,0.0,0.0,0.0,0.0,0.0,0.0,0.0,1.1178910732269287,True,moderate_1509_14.txt,JEROSLOW_WANG,moderate,840,28
1,12016,26272,0.0,0.0,0.0,0.0,0.0,0.0,0.0,0.0,0.0,0.0,0.0,0.0,1.0741651058197021,True,moderate_1509_14.txt,DLIS_negated,moderate,840,28
1,12016,26272,0.0,0.0,0.0,0.0,0.0,0.0,0.0,0.0,0.0,0.0,0.0,0.0,1.0741651058197021,True,moderate_1509_14.txt,DLIS_negated,moderate,840,28
1,12016,26272,0.0,0.0,0.0,0.0,0.0,0.0,0.0,0.0,0.0,0.0,0.0,0.0,1.0741651058197021,True,moderate_1509_14.txt,DLIS_negated,moderate,840,28
1,12016,26272,0.0,0.0,0.0,0.0,0.0,0.0,0.0,0.0,0.0,0.0,0.0,0.0,1.0741651058197021,True,moderate_1509_14.txt,DLIS_negated,moderate,840,28
1,12012,26268,0.0,0.0,0.0,0.0,0.0,0.0,0.0,0.0,0.0,0.0,0.0,0.0,1.0851337909698486,True,moderate_1609_16.txt,DLCS,moderate,960,24
1,12012,26268,0.0,0.0,0.0,0.0,0.0,0.0,0.0,0.0,0.0,0.0,0.0,0.0,1.0851337909698486,True,moderate_1609_16.txt,DLCS,moderate,960,24
1,12012,26268,0.0,0.0,0.0,0.0,0.0,0.0,0.0,0.0,0.0,0.0,0.0,0.0,1.0851337909698486,True,moderate_1609_16.txt,DLCS,moderate,960,24
1,12012,26268,0.0,0.0,0.0,0.0,0.0,0.0,0.0,0.0,0.0,0.0,0.0,0.0,1.0851337909698486,True,moderate_1609_16.txt,DLCS,moderate,960,24
1,12012,26268,0.0,0.0,0.0,0.0,0.0,0.0,0.0,0.0,0.0,0.0,0.0,0.0,1.0272846221923828,True,moderate_1609_16.txt,DLIS,moderate,960,24
1,12012,26268,0.0,0.0,0.0,0.0,0.0,0.0,0.0,0.0,0.0,0.0,0.0,0.0,1.0272846221923828,True,moderate_1609_16.txt,DLIS,moderate,960,24
1,12012,26268,0.0,0.0,0.0,0.0,0.0,0.0,0.0,0.0,0.0,0.0,0.0,0.0,1.0272846221923828,True,moderate_1609_16.txt,DLIS,moderate,960,24
1,12012,26268,0.0,0.0,0.0,0.0,0.0,0.0,0.0,0.0,0.0,0.0,0.0,0.0,1.0272846221923828,True,moderate_1609_16.txt,DLIS,moderate,960,24
1,12012,26268,0.0,0.0,0.0,0.0,0.0,0.0,0.0,0.0,0.0,0.0,0.0,0.0,0.9647102355957031,True,moderate_1609_16.txt,JEROSLOW_WANG,moderate,960,24
1,12012,26268,0.0,0.0,0.0,0.0,0.0,0.0,0.0,0.0,0.0,0.0,0.0,0.0,0.9647102355957031,True,moderate_1609_16.txt,JEROSLOW_WANG,moderate,960,24
1,12012,26268,0.0,0.0,0.0,0.0,0.0,0.0,0.0,0.0,0.0,0.0,0.0,0.0,0.9647102355957031,True,moderate_1609_16.txt,JEROSLOW_WANG,moderate,960,24
1,12012,26268,0.0,0.0,0.0,0.0,0.0,0.0,0.0,0.0,0.0,0.0,0.0,0.0,0.9647102355957031,True,moderate_1609_16.txt,JEROSLOW_WANG,moderate,960,24
1,12012,26268,0.0,0.0,0.0,0.0,0.0,0.0,0.0,0.0,0.0,0.0,0.0,0.0,0.9103901386260986,True,moderate_1609_16.txt,DLIS_negated,moderate,960,24
1,12012,26268,0.0,0.0,0.0,0.0,0.0,0.0,0.0,0.0,0.0,0.0,0.0,0.0,0.9103901386260986,True,moderate_1609_16.txt,DLIS_negated,moderate,960,24
1,12012,26268,0.0,0.0,0.0,0.0,0.0,0.0,0.0,0.0,0.0,0.0,0.0,0.0,0.9103901386260986,True,moderate_1609_16.txt,DLIS_negated,moderate,960,24
1,12012,26268,0.0,0.0,0.0,0.0,0.0,0.0,0.0,0.0,0.0,0.0,0.0,0.0,0.9103901386260986,True,moderate_1609_16.txt,DLIS_negated,moderate,960,24
1,12014,26270,0.0,0.0,0.0,0.0,0.0,0.0,0.0,0.0,0.0,0.0,0.0,0.0,0.8850088119506836,True,moderate_1908_16.txt,DLCS,moderate,960,26
1,12014,26270,0.0,0.0,0.0,0.0,0.0,0.0,0.0,0.0,0.0,0.0,0.0,0.0,0.8850088119506836,True,moderate_1908_16.txt,DLCS,moderate,960,26
1,12014,26270,0.0,0.0,0.0,0.0,0.0,0.0,0.0,0.0,0.0,0.0,0.0,0.0,0.8850088119506836,True,moderate_1908_16.txt,DLCS,moderate,960,26
1,12014,26270,0.0,0.0,0.0,0.0,0.0,0.0,0.0,0.0,0.0,0.0,0.0,0.0,0.8850088119506836,True,moderate_1908_16.txt,DLCS,moderate,960,26
1,12014,26270,0.0,0.0,0.0,0.0,0.0,0.0,0.0,0.0,0.0,0.0,0.0,0.0,0.8676769733428955,True,moderate_1908_16.txt,DLIS,moderate,960,26
1,12014,26270,0.0,0.0,0.0,0.0,0.0,0.0,0.0,0.0,0.0,0.0,0.0,0.0,0.8676769733428955,True,moderate_1908_16.txt,DLIS,moderate,960,26
1,12014,26270,0.0,0.0,0.0,0.0,0.0,0.0,0.0,0.0,0.0,0.0,0.0,0.0,0.8676769733428955,True,moderate_1908_16.txt,DLIS,moderate,960,26
1,12014,26270,0.0,0.0,0.0,0.0,0.0,0.0,0.0,0.0,0.0,0.0,0.0,0.0,0.8676769733428955,True,moderate_1908_16.txt,DLIS,moderate,960,26
1,12014,26270,0.0,0.0,0.0,0.0,0.0,0.0,0.0,0.0,0.0,0.0,0.0,0.0,0.8863098621368408,True,moderate_1908_16.txt,JEROSLOW_WANG,moderate,960,26
1,12014,26270,0.0,0.0,0.0,0.0,0.0,0.0,0.0,0.0,0.0,0.0,0.0,0.0,0.8863098621368408,True,moderate_1908_16.txt,JEROSLOW_WANG,moderate,960,26
1,12014,26270,0.0,0.0,0.0,0.0,0.0,0.0,0.0,0.0,0.0,0.0,0.0,0.0,0.8863098621368408,True,moderate_1908_16.txt,JEROSLOW_WANG,moderate,960,26
1,12014,26270,0.0,0.0,0.0,0.0,0.0,0.0,0.0,0.0,0.0,0.0,0.0,0.0,0.8863098621368408,True,moderate_1908_16.txt,JEROSLOW_WANG,moderate,960,26
1,12014,26270,0.0,0.0,0.0,0.0,0.0,0.0,0.0,0.0,0.0,0.0,0.0,0.0,0.903813362121582,True,moderate_1908_16.txt,DLIS_negated,moderate,960,26
1,12014,26270,0.0,0.0,0.0,0.0,0.0,0.0,0.0,0.0,0.0,0.0,0.0,0.0,0.903813362121582,True,moderate_1908_16.txt,DLIS_negated,moderate,960,26
1,12014,26270,0.0,0.0,0.0,0.0,0.0,0.0,0.0,0.0,0.0,0.0,0.0,0.0,0.903813362121582,True,moderate_1908_16.txt,DLIS_negated,moderate,960,26
1,12014,26270,0.0,0.0,0.0,0.0,0.0,0.0,0.0,0.0,0.0,0.0,0.0,0.0,0.903813362121582,True,moderate_1908_16.txt,DLIS_negated,moderate,960,26
20,12014,26270,445.72727272727275,166.36363636363637,2.5688006578873175,64.0,192.0,2.0,521.0,196.0,2.6581632653061225,2.6792349726775955,0.3333333333333333,2.6581632653061225,1.065016269683838,True,moderate_2208_13.txt,DLCS,moderate,780,26
20,12014,26270,445.72727272727275,166.36363636363637,2.5688006578873175,64.0,192.0,2.0,521.0,196.0,2.6581632653061225,2.6792349726775955,0.3333333333333333,2.6581632653061225,1.065016269683838,True,moderate_2208_13.txt,DLCS,moderate,780,26
20,12014,26270,445.72727272727275,166.36363636363637,2.5688006578873175,64.0,192.0,2.0,521.0,196.0,2.6581632653061225,2.6792349726775955,0.3333333333333333,2.6581632653061225,1.065016269683838,True,moderate_2208_13.txt,DLCS,moderate,780,26
20,12014,26270,445.72727272727275,166.36363636363637,2.5688006578873175,64.0,192.0,2.0,521.0,196.0,2.6581632653061225,2.6792349726775955,0.3333333333333333,2.6581632653061225,1.065016269683838,True,moderate_2208_13.txt,DLCS,moderate,780,26
42,12014,26270,447.6923076923077,181.0,2.456846231985688,384.0,156.0,2.757425742574257,439.5,181.0,2.428113553113553,2.473438164045899,2.4615384615384617,2.4281767955801103,1.1270079612731934,True,moderate_2208_13.txt,DLIS,moderate,780,26
42,12014,26270,447.6923076923077,181.0,2.456846231985688,384.0,156.0,2.757425742574257,439.5,181.0,2.428113553113553,2.473438164045899,2.4615384615384617,2.4281767955801103,1.1270079612731934,True,moderate_2208_13.txt,DLIS,moderate,780,26
42,12014,26270,447.6923076923077,181.0,2.456846231985688,384.0,156.0,2.757425742574257,439.5,181.0,2.428113553113553,2.473438164045899,2.4615384615384617,2.4281767955801103,1.1270079612731934,True,moderate_2208_13.txt,DLIS,moderate,780,26
42,12014,26270,447.6923076923077,181.0,2.456846231985688,384.0,156.0,2.757425742574257,439.5,181.0,2.428113553113553,2.473438164045899,2.4615384615384617,2.4281767955801103,1.1270079612731934,True,moderate_2208_13.txt,DLIS,moderate,780,26
51,12014,26270,430.46666666666664,177.0,2.410038227784835,384.0,148.0,2.757425742574257,421.5,177.0,2.381288304392237,2.432015065913371,2.5945945945945947,2.3813559322033897,1.14357590675354,True,moderate_2208_13.txt,JEROSLOW_WANG,moderate,780,26
51,12014,26270,430.46666666666664,177.0,2.410038227784835,384.0,148.0,2.757425742574257,421.5,177.0,2.381288304392237,2.432015065913371,2.5945945945945947,2.3813559322033897,1.14357590675354,True,moderate_2208_13.txt,JEROSLOW_WANG,moderate,780,26
51,12014,26270,430.46666666666664,177.0,2.410038227784835,384.0,148.0,2.757425742574257,421.5,177.0,2.381288304392237,2.432015065913371,2.5945945945945947,2.3813559322033897,1.14357590675354,True,moderate_2208_13.txt,JEROSLOW_WANG,moderate,780,26
51,12014,26270,430.46666666666664,177.0,2.410038227784835,384.0,148.0,2.757425742574257,421.5,177.0,2.381288304392237,2.432015065913371,2.5945945945945947,2.3813559322033897,1.14357590675354,True,moderate_2208_13.txt,JEROSLOW_WANG,moderate,780,26
10,12014,26270,392.5,143.33333333333334,2.5210175907653585,64.0,32.0,2.0,551.0,201.0,2.7412128712871286,2.738372093023256,2.0,2.7412935323383083,0.967165470123291,True,moderate_2208_13.txt,DLIS_negated,moderate,780,26
10,12014,26270,392.5,143.33333333333334,2.5210175907653585,64.0,32.0,2.0,551.0,201.0,2.7412128712871286,2.738372093023256,2.0,2.7412935323383083,0.967165470123291,True,moderate_2208_13.txt,DLIS_negated,moderate,780,26
10,12014,26270,392.5,143.33333333333334,2.5210175907653585,64.0,32.0,2.0,551.0,201.0,2.7412128712871286,2.738372093023256,2.0,2.7412935323383083,0.967165470123291,True,moderate_2208_13.txt,DLIS_negated,moderate,780,26
10,12014,26270,392.5,143.33333333333334,2.5210175907653585,64.0,32.0,2.0,551.0,201.0,2.7412128712871286,2.738372093023256,2.0,2.7412935323383083,0.967165470123291,True,moderate_2208_13.txt,DLIS_negated,moderate,780,26
1,12015,26271,0.0,0.0,0.0,0.0,0.0,0.0,0.0,0.0,0.0,0.0,0.0,0.0,0.9192297458648682,True,moderate_2508_13.txt,DLCS,moderate,780,27
1,12015,26271,0.0,0.0,0.0,0.0,0.0,0.0,0.0,0.0,0.0,0.0,0.0,0.0,0.9192297458648682,True,moderate_2508_13.txt,DLCS,moderate,780,27
1,12015,26271,0.0,0.0,0.0,0.0,0.0,0.0,0.0,0.0,0.0,0.0,0.0,0.0,0.9192297458648682,True,moderate_2508_13.txt,DLCS,moderate,780,27
1,12015,26271,0.0,0.0,0.0,0.0,0.0,0.0,0.0,0.0,0.0,0.0,0.0,0.0,0.9192297458648682,True,moderate_2508_13.txt,DLCS,moderate,780,27
1,12015,26271,0.0,0.0,0.0,0.0,0.0,0.0,0.0,0.0,0.0,0.0,0.0,0.0,0.932978630065918,True,moderate_2508_13.txt,DLIS,moderate,780,27
1,12015,26271,0.0,0.0,0.0,0.0,0.0,0.0,0.0,0.0,0.0,0.0,0.0,0.0,0.932978630065918,True,moderate_2508_13.txt,DLIS,moderate,780,27
1,12015,26271,0.0,0.0,0.0,0.0,0.0,0.0,0.0,0.0,0.0,0.0,0.0,0.0,0.932978630065918,True,moderate_2508_13.txt,DLIS,moderate,780,27
1,12015,26271,0.0,0.0,0.0,0.0,0.0,0.0,0.0,0.0,0.0,0.0,0.0,0.0,0.932978630065918,True,moderate_2508_13.txt,DLIS,moderate,780,27
1,12015,26271,0.0,0.0,0.0,0.0,0.0,0.0,0.0,0.0,0.0,0.0,0.0,0.0,0.9058952331542969,True,moderate_2508_13.txt,JEROSLOW_WANG,moderate,780,27
1,12015,26271,0.0,0.0,0.0,0.0,0.0,0.0,0.0,0.0,0.0,0.0,0.0,0.0,0.9058952331542969,True,moderate_2508_13.txt,JEROSLOW_WANG,moderate,780,27
1,12015,26271,0.0,0.0,0.0,0.0,0.0,0.0,0.0,0.0,0.0,0.0,0.0,0.0,0.9058952331542969,True,moderate_2508_13.txt,JEROSLOW_WANG,moderate,780,27
1,12015,26271,0.0,0.0,0.0,0.0,0.0,0.0,0.0,0.0,0.0,0.0,0.0,0.0,0.9058952331542969,True,moderate_2508_13.txt,JEROSLOW_WANG,moderate,780,27
1,12015,26271,0.0,0.0,0.0,0.0,0.0,0.0,0.0,0.0,0.0,0.0,0.0,0.0,0.884833574295044,True,moderate_2508_13.txt,DLIS_negated,moderate,780,27
1,12015,26271,0.0,0.0,0.0,0.0,0.0,0.0,0.0,0.0,0.0,0.0,0.0,0.0,0.884833574295044,True,moderate_2508_13.txt,DLIS_negated,moderate,780,27
1,12015,26271,0.0,0.0,0.0,0.0,0.0,0.0,0.0,0.0,0.0,0.0,0.0,0.0,0.884833574295044,True,moderate_2508_13.txt,DLIS_negated,moderate,780,27
1,12015,26271,0.0,0.0,0.0,0.0,0.0,0.0,0.0,0.0,0.0,0.0,0.0,0.0,0.884833574295044,True,moderate_2508_13.txt,DLIS_negated,moderate,780,27
1,12015,26271,0.0,0.0,0.0,0.0,0.0,0.0,0.0,0.0,0.0,0.0,0.0,0.0,0.920250415802002,True,moderate_2608_14.txt,DLCS,moderate,840,27
1,12015,26271,0.0,0.0,0.0,0.0,0.0,0.0,0.0,0.0,0.0,0.0,0.0,0.0,0.920250415802002,True,moderate_2608_14.txt,DLCS,moderate,840,27
1,12015,26271,0.0,0.0,0.0,0.0,0.0,0.0,0.0,0.0,0.0,0.0,0.0,0.0,0.920250415802002,True,moderate_2608_14.txt,DLCS,moderate,840,27
1,12015,26271,0.0,0.0,0.0,0.0,0.0,0.0,0.0,0.0,0.0,0.0,0.0,0.0,0.920250415802002,True,moderate_2608_14.txt,DLCS,moderate,840,27
1,12015,26271,0.0,0.0,0.0,0.0,0.0,0.0,0.0,0.0,0.0,0.0,0.0,0.0,0.8811948299407959,True,moderate_2608_14.txt,DLIS,moderate,840,27
1,12015,26271,0.0,0.0,0.0,0.0,0.0,0.0,0.0,0.0,0.0,0.0,0.0,0.0,0.8811948299407959,True,moderate_2608_14.txt,DLIS,moderate,840,27
1,12015,26271,0.0,0.0,0.0,0.0,0.0,0.0,0.0,0.0,0.0,0.0,0.0,0.0,0.8811948299407959,True,moderate_2608_14.txt,DLIS,moderate,840,27
1,12015,26271,0.0,0.0,0.0,0.0,0.0,0.0,0.0,0.0,0.0,0.0,0.0,0.0,0.8811948299407959,True,moderate_2608_14.txt,DLIS,moderate,840,27
1,12015,26271,0.0,0.0,0.0,0.0,0.0,0.0,0.0,0.0,0.0,0.0,0.0,0.0,0.9213109016418457,True,moderate_2608_14.txt,JEROSLOW_WANG,moderate,840,27
1,12015,26271,0.0,0.0,0.0,0.0,0.0,0.0,0.0,0.0,0.0,0.0,0.0,0.0,0.9213109016418457,True,moderate_2608_14.txt,JEROSLOW_WANG,moderate,840,27
1,12015,26271,0.0,0.0,0.0,0.0,0.0,0.0,0.0,0.0,0.0,0.0,0.0,0.0,0.9213109016418457,True,moderate_2608_14.txt,JEROSLOW_WANG,moderate,840,27
1,12015,26271,0.0,0.0,0.0,0.0,0.0,0.0,0.0,0.0,0.0,0.0,0.0,0.0,0.9213109016418457,True,moderate_2608_14.txt,JEROSLOW_WANG,moderate,840,27
1,12015,26271,0.0,0.0,0.0,0.0,0.0,0.0,0.0,0.0,0.0,0.0,0.0,0.0,0.9604570865631104,True,moderate_2608_14.txt,DLIS_negated,moderate,840,27
1,12015,26271,0.0,0.0,0.0,0.0,0.0,0.0,0.0,0.0,0.0,0.0,0.0,0.0,0.9604570865631104,True,moderate_2608_14.txt,DLIS_negated,moderate,840,27
1,12015,26271,0.0,0.0,0.0,0.0,0.0,0.0,0.0,0.0,0.0,0.0,0.0,0.0,0.9604570865631104,True,moderate_2608_14.txt,DLIS_negated,moderate,840,27
1,12015,26271,0.0,0.0,0.0,0.0,0.0,0.0,0.0,0.0,0.0,0.0,0.0,0.0,0.9604570865631104,True,moderate_2608_14.txt,DLIS_negated,moderate,840,27
1,12012,26268,0.0,0.0,0.0,0.0,0.0,0.0,0.0,0.0,0.0,0.0,0.0,0.0,0.8929877281188965,True,moderate_2908_17.txt,DLCS,moderate,1020,24
1,12012,26268,0.0,0.0,0.0,0.0,0.0,0.0,0.0,0.0,0.0,0.0,0.0,0.0,0.8929877281188965,True,moderate_2908_17.txt,DLCS,moderate,1020,24
1,12012,26268,0.0,0.0,0.0,0.0,0.0,0.0,0.0,0.0,0.0,0.0,0.0,0.0,0.8929877281188965,True,moderate_2908_17.txt,DLCS,moderate,1020,24
1,12012,26268,0.0,0.0,0.0,0.0,0.0,0.0,0.0,0.0,0.0,0.0,0.0,0.0,0.8929877281188965,True,moderate_2908_17.txt,DLCS,moderate,1020,24
1,12012,26268,0.0,0.0,0.0,0.0,0.0,0.0,0.0,0.0,0.0,0.0,0.0,0.0,0.8559629917144775,True,moderate_2908_17.txt,DLIS,moderate,1020,24
1,12012,26268,0.0,0.0,0.0,0.0,0.0,0.0,0.0,0.0,0.0,0.0,0.0,0.0,0.8559629917144775,True,moderate_2908_17.txt,DLIS,moderate,1020,24
1,12012,26268,0.0,0.0,0.0,0.0,0.0,0.0,0.0,0.0,0.0,0.0,0.0,0.0,0.8559629917144775,True,moderate_2908_17.txt,DLIS,moderate,1020,24
1,12012,26268,0.0,0.0,0.0,0.0,0.0,0.0,0.0,0.0,0.0,0.0,0.0,0.0,0.8559629917144775,True,moderate_2908_17.txt,DLIS,moderate,1020,24
1,12012,26268,0.0,0.0,0.0,0.0,0.0,0.0,0.0,0.0,0.0,0.0,0.0,0.0,0.9001872539520264,True,moderate_2908_17.txt,JEROSLOW_WANG,moderate,1020,24
1,12012,26268,0.0,0.0,0.0,0.0,0.0,0.0,0.0,0.0,0.0,0.0,0.0,0.0,0.9001872539520264,True,moderate_2908_17.txt,JEROSLOW_WANG,moderate,1020,24
1,12012,26268,0.0,0.0,0.0,0.0,0.0,0.0,0.0,0.0,0.0,0.0,0.0,0.0,0.9001872539520264,True,moderate_2908_17.txt,JEROSLOW_WANG,moderate,1020,24
1,12012,26268,0.0,0.0,0.0,0.0,0.0,0.0,0.0,0.0,0.0,0.0,0.0,0.0,0.9001872539520264,True,moderate_2908_17.txt,JEROSLOW_WANG,moderate,1020,24
1,12012,26268,0.0,0.0,0.0,0.0,0.0,0.0,0.0,0.0,0.0,0.0,0.0,0.0,0.8559079170227051,True,moderate_2908_17.txt,DLIS_negated,moderate,1020,24
1,12012,26268,0.0,0.0,0.0,0.0,0.0,0.0,0.0,0.0,0.0,0.0,0.0,0.0,0.8559079170227051,True,moderate_2908_17.txt,DLIS_negated,moderate,1020,24
1,12012,26268,0.0,0.0,0.0,0.0,0.0,0.0,0.0,0.0,0.0,0.0,0.0,0.0,0.8559079170227051,True,moderate_2908_17.txt,DLIS_negated,moderate,1020,24
1,12012,26268,0.0,0.0,0.0,0.0,0.0,0.0,0.0,0.0,0.0,0.0,0.0,0.0,0.8559079170227051,True,moderate_2908_17.txt,DLIS_negated,moderate,1020,24
15,12015,26271,1040.5,325.0,3.1921689796105666,1345.0,320.0,3.2314814814814814,1004.0,319.0,3.1472877358490567,3.2015384615384614,4.203125,3.147335423197492,1.2370600700378418,True,tough_0309_20.txt,DLCS,tough,1200,27
15,12015,26271,1040.5,325.0,3.1921689796105666,1345.0,320.0,3.2314814814814814,1004.0,319.0,3.1472877358490567,3.2015384615384614,4.203125,3.147335423197492,1.2370600700378418,True,tough_0309_20.txt,DLCS,tough,1200,27
15,12015,26271,1040.5,325.0,3.1921689796105666,1345.0,320.0,3.2314814814814814,1004.0,319.0,3.1472877358490567,3.2015384615384614,4.203125,3.147335423197492,1.2370600700378418,True,tough_0309_20.txt,DLCS,tough,1200,27
15,12015,26271,1040.5,325.0,3.1921689796105666,1345.0,320.0,3.2314814814814814,1004.0,319.0,3.1472877358490567,3.2015384615384614,4.203125,3.147335423197492,1.2370600700378418,True,tough_0309_20.txt,DLCS,tough,1200,27
481,12015,26271,691.8247011952192,267.0597609561753,2.5468501817652895,536.0,230.0,2.5037037037037035,640.0,260.0,2.4705882352941178,2.5905239288697937,2.3304347826086955,2.4615384615384617,7.358970642089844,True,tough_0309_20.txt,DLIS,tough,1200,27
481,12015,26271,691.8247011952192,267.0597609561753,2.5468501817652895,536.0,230.0,2.5037037037037035,640.0,260.0,2.4705882352941178,2.5905239288697937,2.3304347826086955,2.4615384615384617,7.358970642089844,True,tough_0309_20.txt,DLIS,tough,1200,27
481,12015,26271,691.8247011952192,267.0597609561753,2.5468501817652895,536.0,230.0,2.5037037037037035,640.0,260.0,2.4705882352941178,2.5905239288697937,2.3304347826086955,2.4615384615384617,7.358970642089844,True,tough_0309_20.txt,DLIS,tough,1200,27
481,12015,26271,691.8247011952192,267.0597609561753,2.5468501817652895,536.0,230.0,2.5037037037037035,640.0,260.0,2.4705882352941178,2.5905239288697937,2.3304347826086955,2.4615384615384617,7.358970642089844,True,tough_0309_20.txt,DLIS,tough,1200,27
1145,12015,26271,703.6881533101046,269.3867595818815,2.5824841416610447,576.0,256.0,2.437007874015748,675.0,266.0,2.531166626243027,2.6121853739296896,2.25,2.537593984962406,16.7918598651886,True,tough_0309_20.txt,JEROSLOW_WANG,tough,1200,27
1145,12015,26271,703.6881533101046,269.3867595818815,2.5824841416610447,576.0,256.0,2.437007874015748,675.0,266.0,2.531166626243027,2.6121853739296896,2.25,2.537593984962406,16.7918598651886,True,tough_0309_20.txt,JEROSLOW_WANG,tough,1200,27
1145,12015,26271,703.6881533101046,269.3867595818815,2.5824841416610447,576.0,256.0,2.437007874015748,675.0,266.0,2.531166626243027,2.6121853739296896,2.25,2.537593984962406,16.7918598651886,True,tough_0309_20.txt,JEROSLOW_WANG,tough,1200,27
1145,12015,26271,703.6881533101046,269.3867595818815,2.5824841416610447,576.0,256.0,2.437007874015748,675.0,266.0,2.531166626243027,2.6121853739296896,2.25,2.537593984962406,16.7918598651886,True,tough_0309_20.txt,JEROSLOW_WANG,tough,1200,27
591,12015,26271,715.2094594594595,266.8783783783784,2.637248312752427,496.0,256.0,2.3739837398373984,681.5,263.0,2.589393237610005,2.6799078434351107,1.9375,2.591254752851711,10.141200304031372,True,tough_0309_20.txt,DLIS_negated,tough,1200,27
591,12015,26271,715.2094594594595,266.8783783783784,2.637248312752427,496.0,256.0,2.3739837398373984,681.5,263.0,2.589393237610005,2.6799078434351107,1.9375,2.591254752851711,10.141200304031372,True,tough_0309_20.txt,DLIS_negated,tough,1200,27
591,12015,26271,715.2094594594595,266.8783783783784,2.637248312752427,496.0,256.0,2.3739837398373984,681.5,263.0,2.589393237610005,2.6799078434351107,1.9375,2.591254752851711,10.141200304031372,True,tough_0309_20.txt,DLIS_negated,tough,1200,27
591,12015,26271,715.2094594594595,266.8783783783784,2.637248312752427,496.0,256.0,2.3739837398373984,681.5,263.0,2.589393237610005,2.6799078434351107,1.9375,2.591254752851711,10.141200304031372,True,tough_0309_20.txt,DLIS_negated,tough,1200,27
26,12015,26271,445.2307692307692,174.0,2.5533526968342803,384.0,162.0,2.6868131868131866,442.0,174.0,2.5402298850574714,2.5587975243147656,2.3703703703703702,2.5402298850574714,1.334507942199707,True,tough_1009_19.txt,DLCS,tough,1140,27
26,12015,26271,445.2307692307692,174.0,2.5533526968342803,384.0,162.0,2.6868131868131866,442.0,174.0,2.5402298850574714,2.5587975243147656,2.3703703703703702,2.5402298850574714,1.334507942199707,True,tough_1009_19.txt,DLCS,tough,1140,27
26,12015,26271,445.2307692307692,174.0,2.5533526968342803,384.0,162.0,2.6868131868131866,442.0,174.0,2.5402298850574714,2.5587975243147656,2.3703703703703702,2.5402298850574714,1.334507942199707,True,tough_1009_19.txt,DLCS,tough,1140,27
26,12015,26271,445.2307692307692,174.0,2.5533526968342803,384.0,162.0,2.6868131868131866,442.0,174.0,2.5402298850574714,2.5587975243147656,2.3703703703703702,2.5402298850574714,1.334507942199707,True,tough_1009_19.txt,DLCS,tough,1140,27
36,12015,26271,399.4782608695652,164.0,2.421077054185345,384.0,142.0,2.6868131868131866,393.0,164.0,2.3963414634146343,2.4358430540827145,2.704225352112676,2.3963414634146343,2.7101876735687256,True,tough_1009_19.txt,DLIS,tough,1140,27
36,12015,26271,399.4782608695652,164.0,2.421077054185345,384.0,142.0,2.6868131868131866,393.0,164.0,2.3963414634146343,2.4358430540827145,2.704225352112676,2.3963414634146343,2.7101876735687256,True,tough_1009_19.txt,DLIS,tough,1140,27
36,12015,26271,399.4782608695652,164.0,2.421077054185345,384.0,142.0,2.6868131868131866,393.0,164.0,2.3963414634146343,2.4358430540827145,2.704225352112676,2.3963414634146343,2.7101876735687256,True,tough_1009_19.txt,DLIS,tough,1140,27
36,12015,26271,399.4782608695652,164.0,2.421077054185345,384.0,142.0,2.6868131868131866,393.0,164.0,2.3963414634146343,2.4358430540827145,2.704225352112676,2.3963414634146343,2.7101876735687256,True,tough_1009_19.txt,DLIS,tough,1140,27
32,12015,26271,399.4782608695652,164.0,2.421077054185345,384.0,142.0,2.6868131868131866,393.0,164.0,2.3963414634146343,2.4358430540827145,2.704225352112676,2.3963414634146343,1.0181684494018555,True,tough_1009_19.txt,JEROSLOW_WANG,tough,1140,27
32,12015,26271,399.4782608695652,164.0,2.421077054185345,384.0,142.0,2.6868131868131866,393.0,164.0,2.3963414634146343,2.4358430540827145,2.704225352112676,2.3963414634146343,1.0181684494018555,True,tough_1009_19.txt,JEROSLOW_WANG,tough,1140,27
32,12015,26271,399.4782608695652,164.0,2.421077054185345,384.0,142.0,2.6868131868131866,393.0,164.0,2.3963414634146343,2.4358430540827145,2.704225352112676,2.3963414634146343,1.0181684494018555,True,tough_1009_19.txt,JEROSLOW_WANG,tough,1140,27
32,12015,26271,399.4782608695652,164.0,2.421077054185345,384.0,142.0,2.6868131868131866,393.0,164.0,2.3963414634146343,2.4358430540827145,2.704225352112676,2.3963414634146343,1.0181684494018555,True,tough_1009_19.txt,JEROSLOW_WANG,tough,1140,27
24,12015,26271,450.3333333333333,175.0,2.568601224039606,453.0,164.0,2.6868131868131866,447.5,175.0,2.557046760710554,2.5733333333333333,2.7621951219512195,2.557142857142857,1.0342845916748047,True,tough_1009_19.txt,DLIS_negated,tough,1140,27
24,12015,26271,450.3333333333333,175.0,2.568601224039606,453.0,164.0,2.6868131868131866,447.5,175.0,2.557046760710554,2.5733333333333333,2.7621951219512195,2.557142857142857,1.0342845916748047,True,tough_1009_19.txt,DLIS_negated,tough,1140,27
24,12015,26271,450.3333333333333,175.0,2.568601224039606,453.0,164.0,2.6868131868131866,447.5,175.0,2.557046760710554,2.5733333333333333,2.7621951219512195,2.557142857142857,1.0342845916748047,True,tough_1009_19.txt,DLIS_negated,tough,1140,27
24,12015,26271,450.3333333333333,175.0,2.568601224039606,453.0,164.0,2.6868131868131866,447.5,175.0,2.557046760710554,2.5733333333333333,2.7621951219512195,2.557142857142857,1.0342845916748047,True,tough_1009_19.txt,DLIS_negated,tough,1140,27
213,12012,26268,614.2336448598131,228.69158878504672,2.6044601380241166,448.0,242.0,2.32,548.0,220.0,2.5045454545454544,2.685860237024929,1.8512396694214877,2.4909090909090907,3.1074540615081787,True,tough_1709_27.txt,DLCS,tough,1620,24
213,12012,26268,614.2336448598131,228.69158878504672,2.6044601380241166,448.0,242.0,2.32,548.0,220.0,2.5045454545454544,2.685860237024929,1.8512396694214877,2.4909090909090907,3.1074540615081787,True,tough_1709_27.txt,DLCS,tough,1620,24
213,12012,26268,614.2336448598131,228.69158878504672,2.6044601380241166,448.0,242.0,2.32,548.0,220.0,2.5045454545454544,2.685860237024929,1.8512396694214877,2.4909090909090907,3.1074540615081787,True,tough_1709_27.txt,DLCS,tough,1620,24
213,12012,26268,614.2336448598131,228.69158878504672,2.6044601380241166,448.0,242.0,2.32,548.0,220.0,2.5045454545454544,2.685860237024929,1.8512396694214877,2.4909090909090907,3.1074540615081787,True,tough_1709_27.txt,DLCS,tough,1620,24
754,12012,26268,651.1784776902887,252.74540682414698,2.5290259832424242,496.0,232.0,2.4,606.0,246.0,2.4592592592592593,2.576420619755753,2.1379310344827585,2.4634146341463414,11.982624530792236,True,tough_1709_27.txt,DLIS,tough,1620,24
754,12012,26268,651.1784776902887,252.74540682414698,2.5290259832424242,496.0,232.0,2.4,606.0,246.0,2.4592592592592593,2.576420619755753,2.1379310344827585,2.4634146341463414,11.982624530792236,True,tough_1709_27.txt,DLIS,tough,1620,24
754,12012,26268,651.1784776902887,252.74540682414698,2.5290259832424242,496.0,232.0,2.4,606.0,246.0,2.4592592592592593,2.576420619755753,2.1379310344827585,2.4634146341463414,11.982624530792236,True,tough_1709_27.txt,DLIS,tough,1620,24
754,12012,26268,651.1784776902887,252.74540682414698,2.5290259832424242,496.0,232.0,2.4,606.0,246.0,2.4592592592592593,2.576420619755753,2.1379310344827585,2.4634146341463414,11.982624530792236,True,tough_1709_27.txt,DLIS,tough,1620,24
713,12012,26268,635.9861111111111,244.93333333333334,2.5457830736283573,480.0,232.0,2.2222222222222223,591.5,238.0,2.4727880906460946,2.5965682271819994,2.0689655172413794,2.485294117647059,8.8056161403656,True,tough_1709_27.txt,JEROSLOW_WANG,tough,1620,24
713,12012,26268,635.9861111111111,244.93333333333334,2.5457830736283573,480.0,232.0,2.2222222222222223,591.5,238.0,2.4727880906460946,2.5965682271819994,2.0689655172413794,2.485294117647059,8.8056161403656,True,tough_1709_27.txt,JEROSLOW_WANG,tough,1620,24
713,12012,26268,635.9861111111111,244.93333333333334,2.5457830736283573,480.0,232.0,2.2222222222222223,591.5,238.0,2.4727880906460946,2.5965682271819994,2.0689655172413794,2.485294117647059,8.8056161403656,True,tough_1709_27.txt,JEROSLOW_WANG,tough,1620,24
713,12012,26268,635.9861111111111,244.93333333333334,2.5457830736283573,480.0,232.0,2.2222222222222223,591.5,238.0,2.4727880906460946,2.5965682271819994,2.0689655172413794,2.485294117647059,8.8056161403656,True,tough_1709_27.txt,JEROSLOW_WANG,tough,1620,24
135,12012,26268,625.6617647058823,230.85294117647058,2.6227122468846282,448.0,192.0,2.2857142857142856,533.5,215.0,2.49995904995905,2.710217862148044,2.3333333333333335,2.4813953488372094,2.5913684368133545,True,tough_1709_27.txt,DLIS_negated,tough,1620,24
135,12012,26268,625.6617647058823,230.85294117647058,2.6227122468846282,448.0,192.0,2.2857142857142856,533.5,215.0,2.49995904995905,2.710217862148044,2.3333333333333335,2.4813953488372094,2.5913684368133545,True,tough_1709_27.txt,DLIS_negated,tough,1620,24
135,12012,26268,625.6617647058823,230.85294117647058,2.6227122468846282,448.0,192.0,2.2857142857142856,533.5,215.0,2.49995904995905,2.710217862148044,2.3333333333333335,2.4813953488372094,2.5913684368133545,True,tough_1709_27.txt,DLIS_negated,tough,1620,24
135,12012,26268,625.6617647058823,230.85294117647058,2.6227122468846282,448.0,192.0,2.2857142857142856,533.5,215.0,2.49995904995905,2.710217862148044,2.3333333333333335,2.4813953488372094,2.5913684368133545,True,tough_1709_27.txt,DLIS_negated,tough,1620,24
8,12014,26270,739.0,255.0,2.897723761773601,760.0,256.0,2.945736434108527,739.0,255.0,2.897976131889764,2.8980392156862744,2.96875,2.8980392156862744,1.0025091171264648,True,tough_2008_26.txt,DLCS,tough,1560,26
8,12014,26270,739.0,255.0,2.897723761773601,760.0,256.0,2.945736434108527,739.0,255.0,2.897976131889764,2.8980392156862744,2.96875,2.8980392156862744,1.0025091171264648,True,tough_2008_26.txt,DLCS,tough,1560,26
8,12014,26270,739.0,255.0,2.897723761773601,760.0,256.0,2.945736434108527,739.0,255.0,2.897976131889764,2.8980392156862744,2.96875,2.8980392156862744,1.0025091171264648,True,tough_2008_26.txt,DLCS,tough,1560,26
8,12014,26270,739.0,255.0,2.897723761773601,760.0,256.0,2.945736434108527,739.0,255.0,2.897976131889764,2.8980392156862744,2.96875,2.8980392156862744,1.0025091171264648,True,tough_2008_26.txt,DLCS,tough,1560,26
66,12014,26270,568.9714285714285,224.0,2.520442249106287,512.0,256.0,2.945736434108527,558.0,224.0,2.4910714285714284,2.540051020408163,2.0,2.4910714285714284,1.6586015224456787,True,tough_2008_26.txt,DLIS,tough,1560,26
66,12014,26270,568.9714285714285,224.0,2.520442249106287,512.0,256.0,2.945736434108527,558.0,224.0,2.4910714285714284,2.540051020408163,2.0,2.4910714285714284,1.6586015224456787,True,tough_2008_26.txt,DLIS,tough,1560,26
66,12014,26270,568.9714285714285,224.0,2.520442249106287,512.0,256.0,2.945736434108527,558.0,224.0,2.4910714285714284,2.540051020408163,2.0,2.4910714285714284,1.6586015224456787,True,tough_2008_26.txt,DLIS,tough,1560,26
66,12014,26270,568.9714285714285,224.0,2.520442249106287,512.0,256.0,2.945736434108527,558.0,224.0,2.4910714285714284,2.540051020408163,2.0,2.4910714285714284,1.6586015224456787,True,tough_2008_26.txt,DLIS,tough,1560,26
76,12014,26270,551.6410256410256,220.0,2.483214769985593,384.0,256.0,2.4357798165137616,540.0,220.0,2.4545454545454546,2.5074592074592075,1.5,2.4545454545454546,1.5867934226989746,True,tough_2008_26.txt,JEROSLOW_WANG,tough,1560,26
76,12014,26270,551.6410256410256,220.0,2.483214769985593,384.0,256.0,2.4357798165137616,540.0,220.0,2.4545454545454546,2.5074592074592075,1.5,2.4545454545454546,1.5867934226989746,True,tough_2008_26.txt,JEROSLOW_WANG,tough,1560,26
76,12014,26270,551.6410256410256,220.0,2.483214769985593,384.0,256.0,2.4357798165137616,540.0,220.0,2.4545454545454546,2.5074592074592075,1.5,2.4545454545454546,1.5867934226989746,True,tough_2008_26.txt,JEROSLOW_WANG,tough,1560,26
76,12014,26270,551.6410256410256,220.0,2.483214769985593,384.0,256.0,2.4357798165137616,540.0,220.0,2.4545454545454546,2.5074592074592075,1.5,2.4545454545454546,1.5867934226989746,True,tough_2008_26.txt,JEROSLOW_WANG,tough,1560,26
12,12014,26270,725.5,253.0,2.866869604623261,705.0,256.0,2.945736434108527,725.0,253.0,2.8655480564929388,2.867588932806324,2.75390625,2.8656126482213438,0.9654624462127686,True,tough_2008_26.txt,DLIS_negated,tough,1560,26
12,12014,26270,725.5,253.0,2.866869604623261,705.0,256.0,2.945736434108527,725.0,253.0,2.8655480564929388,2.867588932806324,2.75390625,2.8656126482213438,0.9654624462127686,True,tough_2008_26.txt,DLIS_negated,tough,1560,26
12,12014,26270,725.5,253.0,2.866869604623261,705.0,256.0,2.945736434108527,725.0,253.0,2.8655480564929388,2.867588932806324,2.75390625,2.8656126482213438,0.9654624462127686,True,tough_2008_26.txt,DLIS_negated,tough,1560,26
12,12014,26270,725.5,253.0,2.866869604623261,705.0,256.0,2.945736434108527,725.0,253.0,2.8655480564929388,2.867588932806324,2.75390625,2.8656126482213438,0.9654624462127686,True,tough_2008_26.txt,DLIS_negated,tough,1560,26
19,12016,26272,450.2,179.4,2.4948250528854317,483.0,192.0,2.542105263157895,477.5,189.0,2.5263717805151176,2.5094760312151614,2.515625,2.5264550264550265,0.9993536472320557,True,tough_2708_26.txt,DLCS,tough,1560,28
19,12016,26272,450.2,179.4,2.4948250528854317,483.0,192.0,2.542105263157895,477.5,189.0,2.5263717805151176,2.5094760312151614,2.515625,2.5264550264550265,0.9993536472320557,True,tough_2708_26.txt,DLCS,tough,1560,28
19,12016,26272,450.2,179.4,2.4948250528854317,483.0,192.0,2.542105263157895,477.5,189.0,2.5263717805151176,2.5094760312151614,2.515625,2.5264550264550265,0.9993536472320557,True,tough_2708_26.txt,DLCS,tough,1560,28
19,12016,26272,450.2,179.4,2.4948250528854317,483.0,192.0,2.542105263157895,477.5,189.0,2.5263717805151176,2.5094760312151614,2.515625,2.5264550264550265,0.9993536472320557,True,tough_2708_26.txt,DLCS,tough,1560,28
77,12016,26272,379.5,163.2,2.3086883514253294,320.0,148.0,2.3636363636363638,366.0,159.0,2.2895238095238097,2.325367647058824,2.1621621621621623,2.30188679245283,1.2827656269073486,True,tough_2708_26.txt,DLIS,tough,1560,28
77,12016,26272,379.5,163.2,2.3086883514253294,320.0,148.0,2.3636363636363638,366.0,159.0,2.2895238095238097,2.325367647058824,2.1621621621621623,2.30188679245283,1.2827656269073486,True,tough_2708_26.txt,DLIS,tough,1560,28
77,12016,26272,379.5,163.2,2.3086883514253294,320.0,148.0,2.3636363636363638,366.0,159.0,2.2895238095238097,2.325367647058824,2.1621621621621623,2.30188679245283,1.2827656269073486,True,tough_2708_26.txt,DLIS,tough,1560,28
77,12016,26272,379.5,163.2,2.3086883514253294,320.0,148.0,2.3636363636363638,366.0,159.0,2.2895238095238097,2.325367647058824,2.1621621621621623,2.30188679245283,1.2827656269073486,True,tough_2708_26.txt,DLIS,tough,1560,28
60,12016,26272,380.97058823529414,163.58823529411765,2.3072802450378846,344.0,128.0,2.2222222222222223,372.0,165.0,2.277992277992278,2.3288385472851494,2.6875,2.2545454545454544,1.2318778038024902,True,tough_2708_26.txt,JEROSLOW_WANG,tough,1560,28
60,12016,26272,380.97058823529414,163.58823529411765,2.3072802450378846,344.0,128.0,2.2222222222222223,372.0,165.0,2.277992277992278,2.3288385472851494,2.6875,2.2545454545454544,1.2318778038024902,True,tough_2708_26.txt,JEROSLOW_WANG,tough,1560,28
60,12016,26272,380.97058823529414,163.58823529411765,2.3072802450378846,344.0,128.0,2.2222222222222223,372.0,165.0,2.277992277992278,2.3288385472851494,2.6875,2.2545454545454544,1.2318778038024902,True,tough_2708_26.txt,JEROSLOW_WANG,tough,1560,28
60,12016,26272,380.97058823529414,163.58823529411765,2.3072802450378846,344.0,128.0,2.2222222222222223,372.0,165.0,2.277992277992278,2.3288385472851494,2.6875,2.2545454545454544,1.2318778038024902,True,tough_2708_26.txt,JEROSLOW_WANG,tough,1560,28
11,12016,26272,392.5,161.33333333333334,2.4201580816104467,354.0,198.0,2.3289473684210527,369.5,155.0,2.3837412587412588,2.4328512396694215,1.7878787878787878,2.3838709677419354,0.9382326602935791,True,tough_2708_26.txt,DLIS_negated,tough,1560,28
11,12016,26272,392.5,161.33333333333334,2.4201580816104467,354.0,198.0,2.3289473684210527,369.5,155.0,2.3837412587412588,2.4328512396694215,1.7878787878787878,2.3838709677419354,0.9382326602935791,True,tough_2708_26.txt,DLIS_negated,tough,1560,28
11,12016,26272,392.5,161.33333333333334,2.4201580816104467,354.0,198.0,2.3289473684210527,369.5,155.0,2.3837412587412588,2.4328512396694215,1.7878787878787878,2.3838709677419354,0.9382326602935791,True,tough_2708_26.txt,DLIS_negated,tough,1560,28
11,12016,26272,392.5,161.33333333333334,2.4201580816104467,354.0,198.0,2.3289473684210527,369.5,155.0,2.3837412587412588,2.4328512396694215,1.7878787878787878,2.3838709677419354,0.9382326602935791,True,tough_2708_26.txt,DLIS_negated,tough,1560,28
